goodbye thank you,goodbye
thank you that will be all goodbye,goodbye
goodbye thanks again,goodbye
thanks goodbye,goodbye
thank you very much goodbye,goodbye
thanks have a great day goodbye,goodbye
thanks goodbye for now,goodbye
goodbye appreciate it,goodbye
thanks so much goodbye,goodbye
goodbye take care,goodbye
appreciate it goodbye,goodbye
thank you take care goodbye,goodbye
goodbye thank you for your help,goodbye
goodbye thanks for everything,goodbye
thanks take care goodbye,goodbye
thank you goodbye for now,goodbye
goodbye have a good day,goodbye
thank you goodbye have a good one,goodbye
goodbye thank you so much,goodbye
thanks have a good day goodbye,goodbye
thank you so much goodbye,goodbye
goodbye thank you have a good day,goodbye
thank you goodbye take care,goodbye
appreciate your help goodbye,goodbye
goodbye have a nice day,goodbye
goodbye thanks have a good day,goodbye
thank you goodbye appreciate it,goodbye
goodbye have a great day,goodbye
thanks a lot goodbye,goodbye
goodbye thanks take care,goodbye
appreciate it goodbye thank you,goodbye
goodbye thank you for everything,goodbye
thank you so much goodbye take care,goodbye
goodbye thank you very much,goodbye
thanks for your help goodbye,goodbye
goodbye have a wonderful day,goodbye
thank you appreciate it goodbye,goodbye
thanks for everything goodbye,goodbye
goodbye have a nice evening,goodbye
thank you goodbye have a nice day,goodbye
goodbye thank you for your time,goodbye
appreciate it so much goodbye,goodbye
goodbye thanks for your help,goodbye
thank you have a good day goodbye,goodbye
goodbye thank you appreciate it,goodbye
thanks for your assistance goodbye,goodbye
thank you have a nice day goodbye,goodbye
goodbye thank you take care,goodbye
goodbye have a good one,goodbye
thank you have a great day goodbye,goodbye
goodbye thanks for your service,goodbye
appreciate your service goodbye,goodbye
goodbye thank you for your assistance,goodbye
thank you goodbye have a great day,goodbye
goodbye appreciate your help,goodbye
thanks for your help goodbye take care,goodbye
thank you very much goodbye take care,goodbye
goodbye thanks have a nice day,goodbye
appreciate it thank you goodbye,goodbye
thank you goodbye have a nice evening,goodbye
goodbye thanks so much,goodbye
thank you for your help goodbye,goodbye
goodbye thanks appreciate it,goodbye
thank you have a wonderful day goodbye,goodbye
goodbye thank you have a nice evening,goodbye
appreciate your help so much goodbye,goodbye
thank you have a nice evening goodbye,goodbye
goodbye thank you appreciate your help,goodbye
thanks so much goodbye take care,goodbye
thank you for your time goodbye,goodbye
goodbye thanks appreciate your help,goodbye
thank you have a good evening goodbye,goodbye
goodbye appreciate it thank you,goodbye
thanks have a wonderful day goodbye,goodbye
thank you appreciate your help goodbye,goodbye
goodbye thanks for your assistance,goodbye
appreciate your service so much goodbye,goodbye
thanks appreciate it goodbye,goodbye
thank you have a wonderful evening goodbye,goodbye
goodbye thanks so much appreciate it,goodbye
appreciate your help thank you goodbye,goodbye
thank you for your assistance goodbye,goodbye
goodbye appreciate your service,goodbye
thanks for your time goodbye,goodbye
goodbye thank you have a great evening,goodbye
appreciate it thank you so much goodbye,goodbye
goodbye appreciate your assistance,goodbye
thank you for your service goodbye,goodbye
goodbye thank you so much appreciate it,goodbye
thanks for your service goodbye,goodbye
goodbye appreciate it thank you so much,goodbye
thanks for your assistance goodbye take care,goodbye
goodbye thank you for your service,goodbye
appreciate your time thank you goodbye,goodbye
thank you so much appreciate it goodbye,goodbye
goodbye appreciate your help thank you,goodbye
thank you have a great evening goodbye,goodbye
goodbye thanks so much take care,goodbye
appreciate your service thank you goodbye,goodbye
thank you for your help appreciate it goodbye,goodbye
goodbye thank you appreciate your service,goodbye
thanks for everything appreciate it goodbye,goodbye
goodbye appreciate your assistance thank you,goodbye
thank you for your time appreciate it goodbye,goodbye
goodbye appreciate it so much thank you,goodbye
thanks appreciate your help goodbye,goodbye
thank you so much for your help goodbye,goodbye
goodbye appreciate your time thank you,goodbye
thank you for your service appreciate it goodbye,goodbye
thank you have a great day appreciate it goodbye,goodbye
goodbye thanks for your help appreciate it,goodbye
thank you so much for your time goodbye,goodbye
goodbye appreciate your service thank you,goodbye
thanks for your assistance appreciate it goodbye,goodbye
thank you for your help so much goodbye,goodbye
goodbye thank you appreciate your assistance,goodbye
thank you for your time so much goodbye,goodbye
goodbye appreciate your help so much,goodbye
thank you so much for your assistance goodbye,goodbye
goodbye appreciate your time so much,goodbye
thank you for your service so much goodbye,goodbye
goodbye thank you appreciate your time,goodbye
appreciate your help thank you so much goodbye,goodbye
thank you so much for your service goodbye,goodbye
goodbye appreciate your assistance so much,goodbye
thank you for your time appreciate your help goodbye,goodbye
goodbye appreciate your time so much thank you,goodbye
appreciate your service thank you so much goodbye,goodbye
thank you for your help so much appreciate it goodbye,goodbye
goodbye thank you appreciate your service so much,goodbye
appreciate your time thank you so much goodbye,goodbye
thank you for your assistance so much goodbye,goodbye
goodbye appreciate your help so much thank you,goodbye
appreciate your service so much thank you goodbye,goodbye
thank you for your service so much appreciate it goodbye,goodbye
goodbye appreciate your assistance so much thank you,goodbye
appreciate your time so much thank you goodbye,goodbye
thank you for your help appreciate your service goodbye,goodbye
goodbye thank you so much appreciate your help,goodbye
appreciate your help so much thank you goodbye,goodbye
thank you for your assistance appreciate your time goodbye,goodbye
goodbye appreciate your service so much thank you,goodbye
thank you for your service appreciate your help goodbye,goodbye
thank you for your help appreciate your assistance goodbye,goodbye
goodbye appreciate your time thank you so much,goodbye
thank you for your assistance appreciate your help goodbye,goodbye
goodbye appreciate your help thank you so much,goodbye
appreciate your assistance so much thank you goodbye,goodbye
thank you for your service appreciate your time goodbye,goodbye
goodbye appreciate your assistance thank you so much,goodbye
thank you for your assistance appreciate your service goodbye,goodbye
thank you for your service appreciate your assistance goodbye,goodbye
thank you for your time appreciate your service goodbye,goodbye
thank you for your help appreciate your time goodbye,goodbye
appreciate your assistance thank you so much goodbye,goodbye
thank you goodbye,goodbye
bye have a great day,goodbye
see you soon goodbye,goodbye
thanks bye now,goodbye
bye looking forward to it,goodbye
thanks see you soon,goodbye
bye take care,goodbye
goodbye see you then,goodbye
thank you bye,goodbye
thanks talk to you later,goodbye
bye have a good one,goodbye
see you goodbye,goodbye
thanks bye bye,goodbye
appreciate it bye,goodbye
thank you talk soon,goodbye
bye thanks a lot,goodbye
bye appreciate it,goodbye
goodbye talk later,goodbye
thanks see you,goodbye
thank you have a good day,goodbye
bye for now,goodbye
goodbye see you later,goodbye
thanks see you then,goodbye
bye thanks again,goodbye
thank you see you soon,goodbye
bye have a great one,goodbye
thanks bye for now,goodbye
appreciate it see you soon,goodbye
thanks talk later,goodbye
bye thank you,goodbye
thanks take care,goodbye
thank you appreciate it,goodbye
goodbye see you,goodbye
bye talk soon,goodbye
appreciate it thanks,goodbye
goodbye thanks a lot,goodbye
bye have a good day,goodbye
thank you see you later,goodbye
thanks have a nice day,goodbye
thank you talk later,goodbye
goodbye talk to you soon,goodbye
appreciate it see you then,goodbye
bye see you later,goodbye
thanks goodbye take care,goodbye
thank you bye bye,goodbye
appreciate it talk later,goodbye
bye see you then,goodbye
thanks have a great day,goodbye
bye have a nice day,goodbye
appreciate it thanks a lot,goodbye
thank you have a great day,goodbye
goodbye see you soon,goodbye
thanks have a good one,goodbye
thank you take care,goodbye
appreciate it thanks again,goodbye
thanks talk soon,goodbye
bye see you,goodbye
appreciate it see you later,goodbye
thank you talk to you soon,goodbye
bye talk later,goodbye
thanks have a great one,goodbye
thank you see you,goodbye
appreciate it talk to you later,goodbye
thank you have a good one,goodbye
thanks talk to you soon,goodbye
thanks see you later,goodbye
appreciate it talk to you soon,goodbye
thanks bye,goodbye
appreciate it have a great day,goodbye
goodbye talk soon,goodbye
bye see you soon,goodbye
thank you talk to you later,goodbye
thanks appreciate it,goodbye
appreciate it talk soon,goodbye
appreciate it see you,goodbye
thank you have a nice day,goodbye
goodbye talk to you later,goodbye
thank you see you then,goodbye
"thank you, take care",goodbye
"thanks, see you later",goodbye
"thank you, have a great day",goodbye
"thanks, talk to you soon",goodbye
"appreciate it, take care",goodbye
"thank you, see you soon",goodbye
"thanks, have a nice day",goodbye
"appreciate it, talk later",goodbye
"thank you, see you then",goodbye
"thanks, have a good one",goodbye
"appreciate it, see you later",goodbye
"thanks, take care",goodbye
"thank you, talk soon",goodbye
"thanks, see you",goodbye
"appreciate it, talk to you later",goodbye
"thank you, have a good day",goodbye
"thanks, talk later",goodbye
"appreciate it, see you then",goodbye
"appreciate it, have a great day",goodbye
"appreciate it, see you",goodbye
"thank you, talk later",goodbye
"thanks, see you then",goodbye
"appreciate it, have a good one",goodbye
"appreciate it, see you soon",goodbye
"appreciate it, have a nice day",goodbye
"thanks, talk soon",goodbye
"thank you, talk to you soon",goodbye
"appreciate it, have a good day",goodbye
"thanks, talk to you later",goodbye
"appreciate it, talk to you soon",goodbye
"thank you, see you later",goodbye
"thank you, have a good one",goodbye
"thank you, have a nice day",goodbye
"thanks, have a great day",goodbye
"thank you, see you",goodbye
"thanks, have a good day",goodbye
"appreciate it, talk soon",goodbye
"thanks, see you soon",goodbye
bye,goodbye
goodbye,goodbye
yes that will be all goodbye,goodbye
yes thank you goodbye,goodbye
yes thank you very much goodbye,goodbye
yes thanks goodbye,goodbye
yes appreciate it goodbye,goodbye
yes thank you so much goodbye,goodbye
yes take care goodbye,goodbye
yes have a great day goodbye,goodbye
yes have a good day goodbye,goodbye
yes thanks again goodbye,goodbye
yes appreciate your help goodbye,goodbye
yes goodbye thank you,goodbye
yes thanks for everything goodbye,goodbye
yes that is all goodbye,goodbye
yes thank you for your help goodbye,goodbye
yes goodbye have a nice day,goodbye
yes goodbye take care,goodbye
yes thanks so much goodbye,goodbye
yes goodbye for now,goodbye
yes thank you take care goodbye,goodbye
yes thank you for your assistance goodbye,goodbye
yes have a good one goodbye,goodbye
yes have a wonderful day goodbye,goodbye
yes thank you have a nice day goodbye,goodbye
yes thank you appreciate it goodbye,goodbye
yes goodbye have a great day,goodbye
yes thank you have a great day goodbye,goodbye
yes thank you appreciate your help goodbye,goodbye
yes thanks have a nice day goodbye,goodbye
yes goodbye thank you very much,goodbye
yes appreciate your service goodbye,goodbye
yes thank you for your time goodbye,goodbye
yes thank you goodbye take care,goodbye
yes thanks have a good day goodbye,goodbye
yes thank you goodbye appreciate it,goodbye
yes have a great evening goodbye,goodbye
yes appreciate it thank you goodbye,goodbye
yes thanks for your help goodbye,goodbye
yes thank you goodbye for now,goodbye
yes thank you for everything goodbye,goodbye
yes thanks take care goodbye,goodbye
yes thank you have a good day goodbye,goodbye
yes thank you have a nice evening goodbye,goodbye
yes appreciate your help thank you goodbye,goodbye
yes thanks have a great day goodbye,goodbye
yes thank you have a wonderful day goodbye,goodbye
yes goodbye thank you take care,goodbye
yes thank you so much appreciate it goodbye,goodbye
yes goodbye appreciate your help,goodbye
yes thank you goodbye have a great day,goodbye
yes thanks goodbye take care,goodbye
yes thank you so much take care goodbye,goodbye
yes thank you appreciate your service goodbye,goodbye
yes goodbye thank you appreciate it,goodbye
yes thank you for your help appreciate it goodbye,goodbye
yes thank you have a good evening goodbye,goodbye
yes thanks for your assistance goodbye,goodbye
yes thank you for your service goodbye,goodbye
yes goodbye thank you have a nice day,goodbye
yes appreciate it thank you so much goodbye,goodbye
yes thank you so much goodbye take care,goodbye
yes thanks appreciate it goodbye,goodbye
yes appreciate your time thank you goodbye,goodbye
yes goodbye thank you for your time,goodbye
yes thank you so much appreciate your help goodbye,goodbye
yes appreciate your help so much goodbye,goodbye
yes thank you appreciate your assistance goodbye,goodbye
yes goodbye thank you for your help,goodbye
yes thanks for everything appreciate it goodbye,goodbye
yes appreciate it so much thank you goodbye,goodbye
yes thank you for your assistance appreciate it goodbye,goodbye
yes goodbye appreciate your help thank you,goodbye
yes thank you so much appreciate your assistance goodbye,goodbye
yes thank you have a wonderful evening goodbye,goodbye
yes appreciate your service thank you goodbye,goodbye
yes thank you for your help so much goodbye,goodbye
yes goodbye thank you for your assistance,goodbye
yes appreciate your help so much thank you goodbye,goodbye
yes thank you for your time appreciate it goodbye,goodbye
yes thank you so much appreciate your service goodbye,goodbye
yes goodbye appreciate it so much thank you,goodbye
yes thank you for your help so much appreciate it goodbye,goodbye
yes goodbye appreciate your service thank you,goodbye
yes appreciate your service so much thank you goodbye,goodbye
yes goodbye thank you for your service,goodbye
yes thank you appreciate your time goodbye,goodbye
yes thank you so much for your help goodbye,goodbye
yes appreciate your assistance thank you goodbye,goodbye
that will be all,goodbye
thank you that's all for now,goodbye
have a great day goodbye,goodbye
thanks again bye for now,goodbye
I'm all set thank you,goodbye
take care goodbye,goodbye
that's all thank you,goodbye
I'll let you go goodbye,goodbye
thanks again goodbye,goodbye
all set thanks,goodbye
I'm good to go goodbye,goodbye
thanks have a wonderful day,goodbye
that's all for me goodbye,goodbye
thanks I'm all set,goodbye
have a great evening goodbye,goodbye
thanks I'll let you go,goodbye
thanks have a great night,goodbye
I'm all done goodbye,goodbye
thanks I'm good to go,goodbye
have a great week goodbye,goodbye
thanks I'll catch you later,goodbye
have a great month goodbye,goodbye
have a great year goodbye,goodbye
I'm done goodbye,goodbye
have a great afternoon goodbye,goodbye
have a great morning goodbye,goodbye
thanks have a great evening,goodbye
I'm all set thanks,goodbye
thanks for everything catch you later,goodbye
all set talk to you soon,goodbye
thanks so much later gator,goodbye
take care talk to you soon,goodbye
thanks again see you soon,goodbye
I'm all set later dude,goodbye
thanks for your help catch you later,goodbye
thanks so much see you later,goodbye
all done talk to you soon,goodbye
thanks again later gator,goodbye
I'm good talk to you soon,goodbye
thanks for everything see you soon,goodbye
appreciate it catch you later,goodbye
thanks so much talk to you soon,goodbye
all set see you later,goodbye
thanks again talk to you soon,goodbye
I'm all done catch you later,goodbye
thanks for your help talk to you soon,goodbye
appreciate it later dude,goodbye
thanks so much catch you later,goodbye
all set talk to you later,goodbye
I'm good catch you later,goodbye
thanks for everything talk to you soon,goodbye
thanks again catch you later,goodbye
I'm all set see you later,goodbye
thanks so much see you soon,goodbye
all set later dude,goodbye
thanks so much talk to you later,goodbye
all done catch you later,goodbye
I'm all set talk to you later,goodbye
I'm good see you later,goodbye
I'm all set catch you later,goodbye
