hi,greeting
hello,greeting
hey there,greeting
good morning,greeting
good afternoon,greeting
good evening,greeting
hey,greeting
hi there,greeting
hello there,greeting
greetings,greeting
howdy,greeting
good day,greeting
morning,greeting
afternoon,greeting
evening,greeting
yo,greeting
hi folks,greeting
hello everyone,greeting
hey guys,greeting
hi team,greeting
hello all,greeting
good day to you,greeting
hi there everyone,greeting
hello hello,greeting
hi hi,greeting
hey hey,greeting
aloha,greeting
salutations,greeting
hi y'all,greeting
whats up,greeting
hi hows it going,greeting
hello how are you today,greeting
hey there how are you doing,greeting
good morning how are you,greeting
hi there hows your day been,greeting
hey whats new,greeting
hello hows everything,greeting
hi how have you been,greeting
hey there hows life treating you,greeting
good afternoon how are things,greeting
hi hows your day going so far,greeting
hello how are you feeling today,greeting
hey whats happening,greeting
hi there how has your week been,greeting
good evening hows it going,greeting
hey hows everything with you,greeting
hi how are you holding up,greeting
hello hows your day shaping up,greeting
hey there how have you been,greeting
hi whats the latest,greeting
good morning hows life,greeting
hey hows your world,greeting
hello how are things going,greeting
hi there whats new with you,greeting
hey hows it hanging,greeting
good afternoon how are you doing,greeting
hi hows your day treating you,greeting
hello whats going on,greeting
hey there how are you feeling,greeting
hi hows everything in your world,greeting
good evening how has your day been,greeting
hey hows life treating you lately,greeting
hi there how are you today,greeting
hello whats happening in your world,greeting
hey how have you been keeping,greeting
hi hows it been going,greeting
good morning how are things with you,greeting
hey there whats new and exciting,greeting
hello how are you holding up,greeting
hi whats going on with you,greeting
good afternoon hows your day so far,greeting
hey hows everything going,greeting
hi there how have you been doing,greeting
hello whats the word,greeting
hey how are things shaping up,greeting
hi hows your week been,greeting
good evening whats happening with you,greeting
hey there how are you feeling today,greeting
hi how has life been treating you,greeting
hello hows it going today,greeting
hey whats new in your world,greeting
hi there how are things going,greeting
good morning hows your day starting,greeting
hello how have you been lately,greeting
hey hows everything in your world,greeting
hi whats been happening,greeting
good afternoon how are you feeling,greeting
hey there hows life going,greeting
hi how are things with you,greeting
hello whats new and exciting,greeting
hey hows your day shaping up,greeting
hi there how have you been keeping,greeting
good evening hows it hanging,greeting
hello how are you doing today,greeting
hey whats going on in your world,greeting
hi hows life treating you,greeting
good morning how have you been,greeting
hey there whats happening with you,greeting
hi how are things going so far,greeting
hello hows your week been,greeting
hey whats the latest with you,greeting
hi there how are you holding up,greeting
good afternoon hows everything going,greeting
hello how has your day been,greeting
hey hows it been going,greeting
hi whats new with you,greeting
good evening how are you feeling,greeting
hey there hows your world,greeting
hi how are things shaping up,greeting
hello whats happening in your life,greeting
hey hows it going today,greeting
good morning whats new and exciting,greeting
hello how are you keeping,greeting
hey hows everything with you today,greeting
hi there hows the day treating you,greeting
hey whats cooking,greeting
hello hows your morning going,greeting
hi hows life been lately,greeting
good day how are you faring,greeting
hey there whats the scoop,greeting
hi hows everything in your neck of the woods,greeting
hello hows your week shaping up,greeting
hey hows it rolling,greeting
hi there whats new and exciting in your world,greeting
good morning how are you feeling today,greeting
hey hows life treating you these days,greeting
hi whats the word on the street,greeting
hello hows your day unfolding,greeting
hey there hows everything under the sun,greeting
hi hows it hanging today,greeting
good afternoon whats the latest in your life,greeting
hey hows the world treating you,greeting
hi there how are things on your end,greeting
hello whats been happening lately,greeting
hey hows your day going so far,greeting
hi hows life in your corner of the world,greeting
good evening hows everything stacking up,greeting
hey there whats the buzz,greeting
hi hows your day been unfolding,greeting
hello hows life treating you today,greeting
hey whats new in your universe,greeting
hi there hows your week been going,greeting
good day whats happening in your world,greeting
hey hows everything in your sphere,greeting
hi hows life been treating you lately,greeting
hello whats the word on your end,greeting
hey there hows your day shaping up so far,greeting
hi whats been going on with you,greeting
good morning hows life in your lane,greeting
hey hows everything under your roof,greeting
hi there whats the latest and greatest,greeting
hello hows your world spinning today,greeting
hey hows life been lately,greeting
hi hows your day treating you so far,greeting
good afternoon whats new in your book of life,greeting
hey there hows it hanging in your world,greeting
hi whats been cooking in your life,greeting
hello hows everything in your universe,greeting
hey hows your day unfolding so far,greeting
hi there whats the scoop in your world,greeting
good evening hows life treating you today,greeting
hey whats happening in your neck of the woods,greeting
hi hows your world turning today,greeting
hello whats new and exciting with you,greeting
hey there hows life in your lane lately,greeting
hi whats the buzz in your world,greeting
good day hows everything stacking up for you,greeting
hey hows your universe aligning today,greeting
hi there whats been happening in your sphere,greeting
hello hows life treating you this fine day,greeting
hey whats the word in your world,greeting
hi hows your day shaping up so far,greeting
good morning whats new under your sun,greeting
hey there hows life rolling for you,greeting
hi whats been going on in your corner,greeting
hey hows everything in your universe,greeting
hi there whats the latest in your life,greeting
good afternoon hows your day treating you so far,greeting
hey whats cooking in your world,greeting
hi hows life unfolding for you today,greeting
hello whats happening in your sphere,greeting
hey there hows your day been treating you,greeting
hi whats new and exciting in your lane,greeting
good evening hows life in your corner today,greeting
hey hows your world turning so far,greeting
hi there whats the scoop in your universe,greeting
hello hows everything aligning for you today,greeting
hey whats been happening in your neck of the woods,greeting
hi hows life treating you this fine day,greeting
good day whats the buzz in your world,greeting
hey there hows your universe treating you,greeting
hi how are you,greeting
hello how are you,greeting
hi hows it going,greeting
hello hows it going,greeting
hi good morning,greeting
hello good morning,greeting
hi good afternoon,greeting
hello good afternoon,greeting
hi good evening,greeting
hello good evening,greeting
hi i hope you're well,greeting
hello i hope you're well,greeting
hi i hope you're having a good day,greeting
hello i hope you're having a good day,greeting
hi i hope you're having a great day,greeting
hello i hope you're having a great day,greeting
hi is this the restaurant,greeting
hello is this the restaurant,greeting
hi can you help me,greeting
hello can you help me,greeting
hi can i speak to someone,greeting
hello can i speak to someone,greeting
hi may i speak to someone,greeting
hello may i speak to someone,greeting
hi can i ask a question,greeting
hello can i ask a question,greeting
hi do you have a moment,greeting
hello do you have a moment,greeting
hi do you have time to talk,greeting
hello do you have time to talk,greeting
hi is this the front desk,greeting
hello is this the front desk,greeting
hi am i speaking to someone at the restaurant,greeting
hello am i speaking to someone at the restaurant,greeting
hi who am i speaking to,greeting
hello who am i speaking to,greeting
hi who is this,greeting
hello who is this,greeting
hi may i ask who i’m speaking to,greeting
hello may i ask who i’m speaking to,greeting
hi is this the right place to call,greeting
hello is this the right place to call,greeting
hi is this the right number,greeting
hello is this the right number,greeting
hi can i talk to someone,greeting
hello can i talk to someone,greeting
hi can i speak with someone,greeting
hello can i speak with someone,greeting
hi i need some assistance,greeting
hello i need some assistance,greeting
hi can i get some help,greeting
hello can i get some help,greeting
hi can you assist me,greeting
hello can you assist me,greeting
hi can you help me out,greeting
hello can you help me out,greeting
hi could you help me,greeting
hello could you help me,greeting
hi may i ask something,greeting
hello may i ask something,greeting
hi may i ask a question,greeting
hello may i ask a question,greeting
hi could i ask a question,greeting
hello could i ask a question,greeting
hi i need some information,greeting
hello i need some information,greeting
hi i have a question,greeting
hello i have a question,greeting
hi can you provide some information,greeting
hello can you provide some information,greeting
hi can i get some details,greeting
hello can i get some details,greeting
hi do you have information,greeting
hello do you have information,greeting
hi i need details,greeting
hello i need details,greeting
hi could you give me some information,greeting
hello could you give me some information,greeting
hi i need to know something,greeting
hello i need to know something,greeting
hi can you tell me something,greeting
hello can you tell me something,greeting
hi am i calling the restaurant,greeting
hello am i calling the restaurant,greeting
hi did i reach the restaurant,greeting
hello did i reach the restaurant,greeting
hi do you hear me,greeting
hello i’m calling the restaurant,greeting
hi am i speaking to the restaurant,greeting
hello am i speaking to the restaurant,greeting
hi is this the correct number,greeting
hello is this the correct number,greeting
hi do i have the right number,greeting
hello do i have the right number,greeting
hi am i calling the right place,greeting
hello am i calling the right place,greeting
hi can you confirm this is the restaurant,greeting
hello can you confirm this is the restaurant,greeting
hi can you confirm i’ve reached the restaurant,greeting
hello can you confirm i’ve reached the restaurant,greeting
can you hear me,greeting
hey does my audio work,greeting
how are ya,greeting
hello can you hear me or not,greeting
please tell me if you hear me my microphones not so good,greeting