we've put our last name down as laraine,make_order,view_order,clear_cart,delete_item,replace_item,checkout
the squad's family name is ange,make_order,view_order,clear_cart,delete_item,replace_item,checkout
check the name andree marlyn,make_order,view_order,clear_cart,delete_item,replace_item,checkout
look for our family name alta in your system,make_order,view_order,clear_cart,delete_item,replace_item,checkout
it will be for rakel,make_order,view_order,clear_cart,delete_item,replace_item,checkout
find us under the family name miriam,make_order,view_order,clear_cart,delete_item,replace_item,checkout
yeah it's idaline,make_order,view_order,clear_cart,delete_item,replace_item,checkout
we're rolling in with last name bette-ann,make_order,view_order,clear_cart,delete_item,replace_item,checkout
it's under the name agnes,make_order,view_order,clear_cart,delete_item,replace_item,checkout
search for the family name biddie,make_order,view_order,clear_cart,delete_item,replace_item,checkout
you'll see the surname malanie listed,make_order,view_order,clear_cart,delete_item,replace_item,checkout
it might be under annecorinne norma,make_order,view_order,clear_cart,delete_item,replace_item,checkout
you'll see it listed under binni,make_order,view_order,clear_cart,delete_item,replace_item,checkout
it is made under bili,make_order,view_order,clear_cart,delete_item,replace_item,checkout
it should be under brigit faith,make_order,view_order,clear_cart,delete_item,replace_item,checkout
check for the family name sonny,make_order,view_order,clear_cart,delete_item,replace_item,checkout
do it for kiah catherine please,make_order,view_order,clear_cart,delete_item,replace_item,checkout
our crew's surname is bridgette,make_order,view_order,clear_cart,delete_item,replace_item,checkout
for mariellen,make_order,view_order,clear_cart,delete_item,replace_item,checkout
try fiann,make_order,view_order,clear_cart,delete_item,replace_item,checkout
we're listed under the last name karia,make_order,view_order,clear_cart,delete_item,replace_item,checkout
it's lian i believe,make_order,view_order,clear_cart,delete_item,replace_item,checkout
put it under candice jessamine please,make_order,view_order,clear_cart,delete_item,replace_item,checkout
it's listed under camille,make_order,view_order,clear_cart,delete_item,replace_item,checkout
look up carita courtenay,make_order,view_order,clear_cart,delete_item,replace_item,checkout
make it irma jourdan,make_order,view_order,clear_cart,delete_item,replace_item,checkout
please look for the name melita,make_order,view_order,clear_cart,delete_item,replace_item,checkout
for jacquelynn alanah,make_order,view_order,clear_cart,delete_item,replace_item,checkout
it will be for consuela please,make_order,view_order,clear_cart,delete_item,replace_item,checkout
we've used the family surname tarrah,make_order,view_order,clear_cart,delete_item,replace_item,checkout
you should spot the family name donnamarie,make_order,view_order,clear_cart,delete_item,replace_item,checkout
you'll find our family name as jobie,make_order,view_order,clear_cart,delete_item,replace_item,checkout
make it for corrine,make_order,view_order,clear_cart,delete_item,replace_item,checkout
look up the name vickie,make_order,view_order,clear_cart,delete_item,replace_item,checkout
find the name laina,make_order,view_order,clear_cart,delete_item,replace_item,checkout
we've given the family name fran,make_order,view_order,clear_cart,delete_item,replace_item,checkout
put it for sena please,make_order,view_order,clear_cart,delete_item,replace_item,checkout
put it for celia wenda,make_order,view_order,clear_cart,delete_item,replace_item,checkout
my name is joanie grazia,make_order,view_order,clear_cart,delete_item,replace_item,checkout
we're coming through with family surname shawn,make_order,view_order,clear_cart,delete_item,replace_item,checkout
look for the name bibby,make_order,view_order,clear_cart,delete_item,replace_item,checkout
please look up bren bab,make_order,view_order,clear_cart,delete_item,replace_item,checkout
try checking for chrystal,make_order,view_order,clear_cart,delete_item,replace_item,checkout
i made it under sonnnie nedda,make_order,view_order,clear_cart,delete_item,replace_item,checkout
we're listed under elisabeth luci,make_order,view_order,clear_cart,delete_item,replace_item,checkout
please look for the name anthea bell,make_order,view_order,clear_cart,delete_item,replace_item,checkout
under tatum polly,make_order,view_order,clear_cart,delete_item,replace_item,checkout
you should spot the surname dynah for our group,make_order,view_order,clear_cart,delete_item,replace_item,checkout
michal sal,make_order,view_order,clear_cart,delete_item,replace_item,checkout
we're coming in under surname robin,make_order,view_order,clear_cart,delete_item,replace_item,checkout
it might be under shaun,make_order,view_order,clear_cart,delete_item,replace_item,checkout
you'll find our last name listed as fanchette,make_order,view_order,clear_cart,delete_item,replace_item,checkout
you'll spot us under family surname stace,make_order,view_order,clear_cart,delete_item,replace_item,checkout
under esmaria,make_order,view_order,clear_cart,delete_item,replace_item,checkout
you should have it under thomasin,make_order,view_order,clear_cart,delete_item,replace_item,checkout
try evangeline gaye,make_order,view_order,clear_cart,delete_item,replace_item,checkout
search for our family surname chantal,make_order,view_order,clear_cart,delete_item,replace_item,checkout
the surname we're using is kassia,make_order,view_order,clear_cart,delete_item,replace_item,checkout
the clan's last name is tisha,make_order,view_order,clear_cart,delete_item,replace_item,checkout
look up our family surname roxine in your system,make_order,view_order,clear_cart,delete_item,replace_item,checkout
lets do cinnamon please,make_order,view_order,clear_cart,delete_item,replace_item,checkout
the surname we're using tonight is karola,make_order,view_order,clear_cart,delete_item,replace_item,checkout
our family name is caressa,make_order,view_order,clear_cart,delete_item,replace_item,checkout
you'll find the surname gabbi there,make_order,view_order,clear_cart,delete_item,replace_item,checkout
our name is marguerite bidget,make_order,view_order,clear_cart,delete_item,replace_item,checkout
how about jere please,make_order,view_order,clear_cart,delete_item,replace_item,checkout
we're under lishe,make_order,view_order,clear_cart,delete_item,replace_item,checkout
please check for ilyssa,make_order,view_order,clear_cart,delete_item,replace_item,checkout
it is made under julie maiga,make_order,view_order,clear_cart,delete_item,replace_item,checkout
put it under noelani tabby,make_order,view_order,clear_cart,delete_item,replace_item,checkout
we're coming in with last name melly,make_order,view_order,clear_cart,delete_item,replace_item,checkout
we're coming in under last name rayshell,make_order,view_order,clear_cart,delete_item,replace_item,checkout
please check for aveline shandeigh,make_order,view_order,clear_cart,delete_item,replace_item,checkout
look for honor darryl,make_order,view_order,clear_cart,delete_item,replace_item,checkout
check under edythe ketty,make_order,view_order,clear_cart,delete_item,replace_item,checkout
the name should be myriam tootsie,make_order,view_order,clear_cart,delete_item,replace_item,checkout
our team's family surname is viviana,make_order,view_order,clear_cart,delete_item,replace_item,checkout
its listed under the name eddy maddy,make_order,view_order,clear_cart,delete_item,replace_item,checkout
we've given the surname sada,make_order,view_order,clear_cart,delete_item,replace_item,checkout
the family name you're after is abagail,make_order,view_order,clear_cart,delete_item,replace_item,checkout
please check the name almeta,make_order,view_order,clear_cart,delete_item,replace_item,checkout
find the name bertina gretchen,make_order,view_order,clear_cart,delete_item,replace_item,checkout
should be cal reta,make_order,view_order,clear_cart,delete_item,replace_item,checkout
you'll find us under the surname orsa,make_order,view_order,clear_cart,delete_item,replace_item,checkout
our group's family name is margot,make_order,view_order,clear_cart,delete_item,replace_item,checkout
our party's family name is kylynn,make_order,view_order,clear_cart,delete_item,replace_item,checkout
we've used the family name lucilia for booking,make_order,view_order,clear_cart,delete_item,replace_item,checkout
please look up stevana,make_order,view_order,clear_cart,delete_item,replace_item,checkout
you should see our family name riannon,make_order,view_order,clear_cart,delete_item,replace_item,checkout
our clan's last name is pearl,make_order,view_order,clear_cart,delete_item,replace_item,checkout
our name is reeva,make_order,view_order,clear_cart,delete_item,replace_item,checkout
check for the name phillie ginnifer,make_order,view_order,clear_cart,delete_item,replace_item,checkout
look for the surname camile,make_order,view_order,clear_cart,delete_item,replace_item,checkout
how about roxie sondra,make_order,view_order,clear_cart,delete_item,replace_item,checkout
look under cacilia,make_order,view_order,clear_cart,delete_item,replace_item,checkout
it should be under phaidra,make_order,view_order,clear_cart,delete_item,replace_item,checkout
our tribe's surname is written as bert,make_order,view_order,clear_cart,delete_item,replace_item,checkout
you'll find our last name as dulcie,make_order,view_order,clear_cart,delete_item,replace_item,checkout
our last name's written as cristin,make_order,view_order,clear_cart,delete_item,replace_item,checkout
the crew's surname we gave is zabrina,make_order,view_order,clear_cart,delete_item,replace_item,checkout
our group's last name is listed as alyda,make_order,view_order,clear_cart,delete_item,replace_item,checkout
sure it's emilee,make_order,view_order,clear_cart,delete_item,replace_item,checkout
name should be shea karlie,make_order,view_order,clear_cart,delete_item,replace_item,checkout
yeah it's con celka,make_order,view_order,clear_cart,delete_item,replace_item,checkout
the posse's last name is written down as fayre,make_order,view_order,clear_cart,delete_item,replace_item,checkout
you should find our last name as fannie,make_order,view_order,clear_cart,delete_item,replace_item,checkout
our group's last name is mathilda,make_order,view_order,clear_cart,delete_item,replace_item,checkout
look under livia nikolia,make_order,view_order,clear_cart,delete_item,replace_item,checkout
we've registered our family name as caprice,make_order,view_order,clear_cart,delete_item,replace_item,checkout
our reservation's surname is susi,make_order,view_order,clear_cart,delete_item,replace_item,checkout
make it for leah please,make_order,view_order,clear_cart,delete_item,replace_item,checkout
try finding emlynn,make_order,view_order,clear_cart,delete_item,replace_item,checkout
i'm pammy,make_order,view_order,clear_cart,delete_item,replace_item,checkout
you'll see it under letisha pauline,make_order,view_order,clear_cart,delete_item,replace_item,checkout
the last name to look for is yasmeen,make_order,view_order,clear_cart,delete_item,replace_item,checkout
it's rianon hyacinthia,make_order,view_order,clear_cart,delete_item,replace_item,checkout
look for teresina,make_order,view_order,clear_cart,delete_item,replace_item,checkout
its listed under the name wendye,make_order,view_order,clear_cart,delete_item,replace_item,checkout
my name is vanny liv please,make_order,view_order,clear_cart,delete_item,replace_item,checkout
find it under the name cati,make_order,view_order,clear_cart,delete_item,replace_item,checkout
look up the name jannel leanora,make_order,view_order,clear_cart,delete_item,replace_item,checkout
the name to look for is emalee,make_order,view_order,clear_cart,delete_item,replace_item,checkout
how about wileen adrian please,make_order,view_order,clear_cart,delete_item,replace_item,checkout
check for the name adriena,make_order,view_order,clear_cart,delete_item,replace_item,checkout
find it under the name lauryn cloe,make_order,view_order,clear_cart,delete_item,replace_item,checkout
check the name angy,make_order,view_order,clear_cart,delete_item,replace_item,checkout
i think it's listed under atlante,make_order,view_order,clear_cart,delete_item,replace_item,checkout
look for the family name thia,make_order,view_order,clear_cart,delete_item,replace_item,checkout
i believe it's under breanne,make_order,view_order,clear_cart,delete_item,replace_item,checkout
do it for britney,make_order,view_order,clear_cart,delete_item,replace_item,checkout
check for our last name annetta,make_order,view_order,clear_cart,delete_item,replace_item,checkout
put it under antonietta,make_order,view_order,clear_cart,delete_item,replace_item,checkout
i believe it's chloris roslyn,make_order,view_order,clear_cart,delete_item,replace_item,checkout
you'll find it under alyda,make_order,view_order,clear_cart,delete_item,replace_item,checkout
we've put down the family name kaila,make_order,view_order,clear_cart,delete_item,replace_item,checkout
look up our family name tiffie please,make_order,view_order,clear_cart,delete_item,replace_item,checkout
search for our last name roby in your records,make_order,view_order,clear_cart,delete_item,replace_item,checkout
our crew's last name is amye,make_order,view_order,clear_cart,delete_item,replace_item,checkout
should be under gracie,make_order,view_order,clear_cart,delete_item,replace_item,checkout
we're under marni lynett,make_order,view_order,clear_cart,delete_item,replace_item,checkout
you'll see us under the last name tamara,make_order,view_order,clear_cart,delete_item,replace_item,checkout
look up my name michaelina,make_order,view_order,clear_cart,delete_item,replace_item,checkout
look up our family name selle,make_order,view_order,clear_cart,delete_item,replace_item,checkout
we've booked under family name sindee,make_order,view_order,clear_cart,delete_item,replace_item,checkout
we've put down our last name as paolina,make_order,view_order,clear_cart,delete_item,replace_item,checkout
name should be lorain,make_order,view_order,clear_cart,delete_item,replace_item,checkout
you'll find it listed as patricia,make_order,view_order,clear_cart,delete_item,replace_item,checkout
under ardene please,make_order,view_order,clear_cart,delete_item,replace_item,checkout
we're booked under the surname zea,make_order,view_order,clear_cart,delete_item,replace_item,checkout
put it for suzie corabella please,make_order,view_order,clear_cart,delete_item,replace_item,checkout
our table's booked under last name randi,make_order,view_order,clear_cart,delete_item,replace_item,checkout
i believe it's nell,make_order,view_order,clear_cart,delete_item,replace_item,checkout
we've given the last name wendeline,make_order,view_order,clear_cart,delete_item,replace_item,checkout
check the name kellina,make_order,view_order,clear_cart,delete_item,replace_item,checkout
make it zita sissy please,make_order,view_order,clear_cart,delete_item,replace_item,checkout
our posse's surname is alameda,make_order,view_order,clear_cart,delete_item,replace_item,checkout
we have it under effie,make_order,view_order,clear_cart,delete_item,replace_item,checkout
we have it under rozina olwen,make_order,view_order,clear_cart,delete_item,replace_item,checkout
the family surname we're using is johnette,make_order,view_order,clear_cart,delete_item,replace_item,checkout
you'll spot our last name as rowe,make_order,view_order,clear_cart,delete_item,replace_item,checkout
check for our surname zahara,make_order,view_order,clear_cart,delete_item,replace_item,checkout
look up my name nan kara-lynn,make_order,view_order,clear_cart,delete_item,replace_item,checkout
put it for dodie,make_order,view_order,clear_cart,delete_item,replace_item,checkout
the name should be natty,make_order,view_order,clear_cart,delete_item,replace_item,checkout
should be under adelice ariana,make_order,view_order,clear_cart,delete_item,replace_item,checkout
find our surname melina,make_order,view_order,clear_cart,delete_item,replace_item,checkout
the surname you're looking for is wilie,make_order,view_order,clear_cart,delete_item,replace_item,checkout
it's sophi,make_order,view_order,clear_cart,delete_item,replace_item,checkout
make it for ashlee matilda please,make_order,view_order,clear_cart,delete_item,replace_item,checkout
you should have it under jemimah gabriela,make_order,view_order,clear_cart,delete_item,replace_item,checkout
the crew's surname is shelby,make_order,view_order,clear_cart,delete_item,replace_item,checkout
try looking for joby marta,make_order,view_order,clear_cart,delete_item,replace_item,checkout
search for the surname merci,make_order,view_order,clear_cart,delete_item,replace_item,checkout
check for lela juline,make_order,view_order,clear_cart,delete_item,replace_item,checkout
we've booked using last name lanni,make_order,view_order,clear_cart,delete_item,replace_item,checkout
please find it under eadith,make_order,view_order,clear_cart,delete_item,replace_item,checkout
we're listed under last name shayla,make_order,view_order,clear_cart,delete_item,replace_item,checkout
look up devina,make_order,view_order,clear_cart,delete_item,replace_item,checkout
it will be for rachael candice,make_order,view_order,clear_cart,delete_item,replace_item,checkout
we've booked using family name rochell,make_order,view_order,clear_cart,delete_item,replace_item,checkout
try the name sibeal,make_order,view_order,clear_cart,delete_item,replace_item,checkout
it's dani elnore i believe,make_order,view_order,clear_cart,delete_item,replace_item,checkout
our party's last name is lynnett,make_order,view_order,clear_cart,delete_item,replace_item,checkout
please check the name adore lorenza,make_order,view_order,clear_cart,delete_item,replace_item,checkout
you'll see the last name ellette listed,make_order,view_order,clear_cart,delete_item,replace_item,checkout
you'll find us under the surname ira,make_order,view_order,clear_cart,delete_item,replace_item,checkout
lets do antonetta dixie,make_order,view_order,clear_cart,delete_item,replace_item,checkout
i think it's under donny,make_order,view_order,clear_cart,delete_item,replace_item,checkout
the reservation's surname is randa,make_order,view_order,clear_cart,delete_item,replace_item,checkout
check for the name francesca,make_order,view_order,clear_cart,delete_item,replace_item,checkout
how about renie,make_order,view_order,clear_cart,delete_item,replace_item,checkout
under henrietta charlot please,make_order,view_order,clear_cart,delete_item,replace_item,checkout
you should find kizzie stacia,make_order,view_order,clear_cart,delete_item,replace_item,checkout
we're registered under family name tami,make_order,view_order,clear_cart,delete_item,replace_item,checkout
look up the surname adina for our group,make_order,view_order,clear_cart,delete_item,replace_item,checkout
doris please,make_order,view_order,clear_cart,delete_item,replace_item,checkout
my name is rowe please,make_order,view_order,clear_cart,delete_item,replace_item,checkout
we've got the family name amberly,make_order,view_order,clear_cart,delete_item,replace_item,checkout
it's tybie for tonight,make_order,view_order,clear_cart,delete_item,replace_item,checkout
the family name we gave was gustie,make_order,view_order,clear_cart,delete_item,replace_item,checkout
the squad's last name should be listed as fallon,make_order,view_order,clear_cart,delete_item,replace_item,checkout
it's ellen ardine for tonight,make_order,view_order,clear_cart,delete_item,replace_item,checkout
you can find it under beatriz,make_order,view_order,clear_cart,delete_item,replace_item,checkout
you'll find it listed as lurlene melania,make_order,view_order,clear_cart,delete_item,replace_item,checkout
check for lethia,make_order,view_order,clear_cart,delete_item,replace_item,checkout
you should find lynne,make_order,view_order,clear_cart,delete_item,replace_item,checkout
our tribe's last name is katya,make_order,view_order,clear_cart,delete_item,replace_item,checkout
we're rolling in with family name patricia,make_order,view_order,clear_cart,delete_item,replace_item,checkout
check for my name hollyanne caritta,make_order,view_order,clear_cart,delete_item,replace_item,checkout
sure it's ricky cathe,make_order,view_order,clear_cart,delete_item,replace_item,checkout
i believe it's under lynea kathlin,make_order,view_order,clear_cart,delete_item,replace_item,checkout
check under the family name meara,make_order,view_order,clear_cart,delete_item,replace_item,checkout
for tarra please,make_order,view_order,clear_cart,delete_item,replace_item,checkout
you should see the surname tiffany there,make_order,view_order,clear_cart,delete_item,replace_item,checkout
find it under maddi em,make_order,view_order,clear_cart,delete_item,replace_item,checkout
look up our surname brit,make_order,view_order,clear_cart,delete_item,replace_item,checkout
we've registered under last name raychel,make_order,view_order,clear_cart,delete_item,replace_item,checkout
you'll see it under tania,make_order,view_order,clear_cart,delete_item,replace_item,checkout
our team's family name is recorded as sheela,make_order,view_order,clear_cart,delete_item,replace_item,checkout
you'll see us under family name anatola,make_order,view_order,clear_cart,delete_item,replace_item,checkout
you can find it under marji jacenta,make_order,view_order,clear_cart,delete_item,replace_item,checkout
you should find it listed as bette,make_order,view_order,clear_cart,delete_item,replace_item,checkout
you should see our surname as jilli,make_order,view_order,clear_cart,delete_item,replace_item,checkout
look up the surname aurelia for us,make_order,view_order,clear_cart,delete_item,replace_item,checkout
please check for reggi clerissa,make_order,view_order,clear_cart,delete_item,replace_item,checkout
make it marisa,make_order,view_order,clear_cart,delete_item,replace_item,checkout
please check under sharai,make_order,view_order,clear_cart,delete_item,replace_item,checkout
we're coming through with last name carole,make_order,view_order,clear_cart,delete_item,replace_item,checkout
we're listed under the name tiff,make_order,view_order,clear_cart,delete_item,replace_item,checkout
our crew's family surname is noted as corabelle,make_order,view_order,clear_cart,delete_item,replace_item,checkout
check for our last name cynde in your books,make_order,view_order,clear_cart,delete_item,replace_item,checkout
i made it under lila,make_order,view_order,clear_cart,delete_item,replace_item,checkout
make it thea please,make_order,view_order,clear_cart,delete_item,replace_item,checkout
look up our last name issie,make_order,view_order,clear_cart,delete_item,replace_item,checkout
the gang's last name is calli,make_order,view_order,clear_cart,delete_item,replace_item,checkout
try checking for bonni lark,make_order,view_order,clear_cart,delete_item,replace_item,checkout
we've registered with family name jennine,make_order,view_order,clear_cart,delete_item,replace_item,checkout
i'm odessa sherrie,make_order,view_order,clear_cart,delete_item,replace_item,checkout
check the name coleen barbra,make_order,view_order,clear_cart,delete_item,replace_item,checkout
the last name for our reservation is melisse,make_order,view_order,clear_cart,delete_item,replace_item,checkout
you should find it listed as nanine kelly,make_order,view_order,clear_cart,delete_item,replace_item,checkout
should be dehlia,make_order,view_order,clear_cart,delete_item,replace_item,checkout
do it for emelda tildi,make_order,view_order,clear_cart,delete_item,replace_item,checkout
we're listed under mozelle,make_order,view_order,clear_cart,delete_item,replace_item,checkout
you should find us under last name chloris,make_order,view_order,clear_cart,delete_item,replace_item,checkout
it's listed under susette nicky,make_order,view_order,clear_cart,delete_item,replace_item,checkout
the reservation surname is leigha,make_order,view_order,clear_cart,delete_item,replace_item,checkout
we've given our family surname as salaidh,make_order,view_order,clear_cart,delete_item,replace_item,checkout
make it for dniren pansy,make_order,view_order,clear_cart,delete_item,replace_item,checkout
check for the name denys minnnie,make_order,view_order,clear_cart,delete_item,replace_item,checkout
try my name nadine buffy,make_order,view_order,clear_cart,delete_item,replace_item,checkout
the gang's family name should be alverta,make_order,view_order,clear_cart,delete_item,replace_item,checkout
lets do glen,make_order,view_order,clear_cart,delete_item,replace_item,checkout
the squad's last name is mariellen,make_order,view_order,clear_cart,delete_item,replace_item,checkout
our booking's last name is sandra,make_order,view_order,clear_cart,delete_item,replace_item,checkout
our posse's last name is dory,make_order,view_order,clear_cart,delete_item,replace_item,checkout
i think it's listed under aurel sharron,make_order,view_order,clear_cart,delete_item,replace_item,checkout
check our family name dulciana,make_order,view_order,clear_cart,delete_item,replace_item,checkout
for bernadine suzie please,make_order,view_order,clear_cart,delete_item,replace_item,checkout
our tribe's family name is consolata,make_order,view_order,clear_cart,delete_item,replace_item,checkout
it's under laurel zorah for dinner,make_order,view_order,clear_cart,delete_item,replace_item,checkout
please find it under berni jeane,make_order,view_order,clear_cart,delete_item,replace_item,checkout
it will be for perle darb please,make_order,view_order,clear_cart,delete_item,replace_item,checkout
try my name emeline,make_order,view_order,clear_cart,delete_item,replace_item,checkout
search for our last name elga,make_order,view_order,clear_cart,delete_item,replace_item,checkout
the family surname is charin,make_order,view_order,clear_cart,delete_item,replace_item,checkout
we're booked with last name drusie,make_order,view_order,clear_cart,delete_item,replace_item,checkout
should be under the name of rubina,make_order,view_order,clear_cart,delete_item,replace_item,checkout
try finding valene roxi,make_order,view_order,clear_cart,delete_item,replace_item,checkout
find it under ebonee,make_order,view_order,clear_cart,delete_item,replace_item,checkout
my name is abbie,make_order,view_order,clear_cart,delete_item,replace_item,checkout
the name is rona sheri,make_order,view_order,clear_cart,delete_item,replace_item,checkout
the name to look for is ariela elysee,make_order,view_order,clear_cart,delete_item,replace_item,checkout
look for the name flor taffy,make_order,view_order,clear_cart,delete_item,replace_item,checkout
check for our family name bee,make_order,view_order,clear_cart,delete_item,replace_item,checkout
the reservation's under surname ariadne,make_order,view_order,clear_cart,delete_item,replace_item,checkout
sallie,make_order,view_order,clear_cart,delete_item,replace_item,checkout
lets do clo zsa zsa please,make_order,view_order,clear_cart,delete_item,replace_item,checkout
you should find the last name kimbra there,make_order,view_order,clear_cart,delete_item,replace_item,checkout
try the name fayth kally,make_order,view_order,clear_cart,delete_item,replace_item,checkout
we've booked under the last name laurie,make_order,view_order,clear_cart,delete_item,replace_item,checkout
the surname for our group is kevina,make_order,view_order,clear_cart,delete_item,replace_item,checkout
the last name we're using is katine,make_order,view_order,clear_cart,delete_item,replace_item,checkout
look for our last name brear in your system,make_order,view_order,clear_cart,delete_item,replace_item,checkout
look for the surname lydie for us,make_order,view_order,clear_cart,delete_item,replace_item,checkout
our reservation's last name is dedra,make_order,view_order,clear_cart,delete_item,replace_item,checkout
please check under ros karylin,make_order,view_order,clear_cart,delete_item,replace_item,checkout
find our last name deni in your reservation list,make_order,view_order,clear_cart,delete_item,replace_item,checkout
we're listed under the name fredra aurlie,make_order,view_order,clear_cart,delete_item,replace_item,checkout
you'll find it under lainey myrtle,make_order,view_order,clear_cart,delete_item,replace_item,checkout
the name is trude,make_order,view_order,clear_cart,delete_item,replace_item,checkout
you should have it under adoree,make_order,view_order,clear_cart,delete_item,replace_item,checkout
the gang's family name is leonie,make_order,view_order,clear_cart,delete_item,replace_item,checkout
you'll see it listed under marley lesly,make_order,view_order,clear_cart,delete_item,replace_item,checkout
do it for valry please,make_order,view_order,clear_cart,delete_item,replace_item,checkout
here's our last name its neilla,make_order,view_order,clear_cart,delete_item,replace_item,checkout
look for our surname bunni,make_order,view_order,clear_cart,delete_item,replace_item,checkout
check for my name claudette,make_order,view_order,clear_cart,delete_item,replace_item,checkout
our party's last name should be arline,make_order,view_order,clear_cart,delete_item,replace_item,checkout
check for the last name megan,make_order,view_order,clear_cart,delete_item,replace_item,checkout
it's under cary for dinner,make_order,view_order,clear_cart,delete_item,replace_item,checkout
try looking for andromache,make_order,view_order,clear_cart,delete_item,replace_item,checkout
put it under cody please,make_order,view_order,clear_cart,delete_item,replace_item,checkout
we've used the surname dolley,make_order,view_order,clear_cart,delete_item,replace_item,checkout
we're listed with the surname kaycee,make_order,view_order,clear_cart,delete_item,replace_item,checkout
it's under the name fredrika amelie,make_order,view_order,clear_cart,delete_item,replace_item,checkout
should be under the name of barbi heda,make_order,view_order,clear_cart,delete_item,replace_item,checkout
check for our surname leodora in your files,make_order,view_order,clear_cart,delete_item,replace_item,checkout
please check for della,make_order,view_order,clear_cart,delete_item,replace_item,checkout
i think it's under harmonia albina,make_order,view_order,clear_cart,delete_item,replace_item,checkout
marcile vicki please,make_order,view_order,clear_cart,delete_item,replace_item,checkout
check under alysia,make_order,view_order,clear_cart,delete_item,replace_item,checkout
find us by our surname rana,make_order,view_order,clear_cart,delete_item,replace_item,checkout
our team's last name is madeleine,make_order,view_order,clear_cart,delete_item,replace_item,checkout
we're using the last name lauraine,make_order,view_order,clear_cart,delete_item,replace_item,checkout
you should have it under jackquelin fredericka,make_order,view_order,clear_cart,delete_item,replace_item,checkout
look for our family surname nerissa,make_order,view_order,clear_cart,delete_item,replace_item,checkout
the clan's family surname is karlotte,make_order,view_order,clear_cart,delete_item,replace_item,checkout
we've registered with surname amalle,make_order,view_order,clear_cart,delete_item,replace_item,checkout
we're listed under the name seline elli,make_order,view_order,clear_cart,delete_item,replace_item,checkout
it is made under aidan,make_order,view_order,clear_cart,delete_item,replace_item,checkout
we have it under marijo marianna,make_order,view_order,clear_cart,delete_item,replace_item,checkout
we've registered with surname gwendolyn,make_order,view_order,clear_cart,delete_item,replace_item,checkout
we're listed under the name carmine,make_order,view_order,clear_cart,delete_item,replace_item,checkout
how about truda ardis please,make_order,view_order,clear_cart,delete_item,replace_item,checkout
it's didi for tonight,make_order,view_order,clear_cart,delete_item,replace_item,checkout
make it jacklyn kali,make_order,view_order,clear_cart,delete_item,replace_item,checkout
look up our last name else,make_order,view_order,clear_cart,delete_item,replace_item,checkout
i think it's listed under verile,make_order,view_order,clear_cart,delete_item,replace_item,checkout
we've given the family name rosanne,make_order,view_order,clear_cart,delete_item,replace_item,checkout
check for the last name dorice,make_order,view_order,clear_cart,delete_item,replace_item,checkout
our team's family name is recorded as lilith,make_order,view_order,clear_cart,delete_item,replace_item,checkout
look up our family surname melisande in your system,make_order,view_order,clear_cart,delete_item,replace_item,checkout
i'm aimil,make_order,view_order,clear_cart,delete_item,replace_item,checkout
look up valerie sephira,make_order,view_order,clear_cart,delete_item,replace_item,checkout
you'll find it under christina elfrieda,make_order,view_order,clear_cart,delete_item,replace_item,checkout
check for the name sheena kiele,make_order,view_order,clear_cart,delete_item,replace_item,checkout
please look for the name petrina,make_order,view_order,clear_cart,delete_item,replace_item,checkout
check for charmion,make_order,view_order,clear_cart,delete_item,replace_item,checkout
you'll find us under the surname ilise,make_order,view_order,clear_cart,delete_item,replace_item,checkout
check for our surname nettie,make_order,view_order,clear_cart,delete_item,replace_item,checkout
for gaby daryn please,make_order,view_order,clear_cart,delete_item,replace_item,checkout
find it under shanna kerrin,make_order,view_order,clear_cart,delete_item,replace_item,checkout
how about crissie nelly,make_order,view_order,clear_cart,delete_item,replace_item,checkout
put it under celie lori,make_order,view_order,clear_cart,delete_item,replace_item,checkout
we've put our last name down as brenna,make_order,view_order,clear_cart,delete_item,replace_item,checkout
our name is laurene ileane,make_order,view_order,clear_cart,delete_item,replace_item,checkout
we've put down the family name yetta,make_order,view_order,clear_cart,delete_item,replace_item,checkout
should be under kailey haily,make_order,view_order,clear_cart,delete_item,replace_item,checkout
try the name ophelia codie,make_order,view_order,clear_cart,delete_item,replace_item,checkout
look for the family name rikki,make_order,view_order,clear_cart,delete_item,replace_item,checkout
make it jeannette,make_order,view_order,clear_cart,delete_item,replace_item,checkout
i think it's listed under latrena lilyan,make_order,view_order,clear_cart,delete_item,replace_item,checkout
it will be for ronny please,make_order,view_order,clear_cart,delete_item,replace_item,checkout
check for my name chrissy tatiania,make_order,view_order,clear_cart,delete_item,replace_item,checkout
it will be for christalle,make_order,view_order,clear_cart,delete_item,replace_item,checkout
it's listed under perrine helenka,make_order,view_order,clear_cart,delete_item,replace_item,checkout
the reservation's surname is peggi,make_order,view_order,clear_cart,delete_item,replace_item,checkout
please check for misti lynnette,make_order,view_order,clear_cart,delete_item,replace_item,checkout
check for our surname libbie in your files,make_order,view_order,clear_cart,delete_item,replace_item,checkout
veronike please,make_order,view_order,clear_cart,delete_item,replace_item,checkout
look for the surname evangeline for us,make_order,view_order,clear_cart,delete_item,replace_item,checkout
look for the name jesselyn,make_order,view_order,clear_cart,delete_item,replace_item,checkout
the family surname is melany,make_order,view_order,clear_cart,delete_item,replace_item,checkout
we're coming through with family surname dode,make_order,view_order,clear_cart,delete_item,replace_item,checkout
look up our family name glennie please,make_order,view_order,clear_cart,delete_item,replace_item,checkout
search for the family name atalanta,make_order,view_order,clear_cart,delete_item,replace_item,checkout
look for our surname evita,make_order,view_order,clear_cart,delete_item,replace_item,checkout
find us under the family name dasi,make_order,view_order,clear_cart,delete_item,replace_item,checkout
check our family name kippy,make_order,view_order,clear_cart,delete_item,replace_item,checkout
look under willetta,make_order,view_order,clear_cart,delete_item,replace_item,checkout
the surname for our group is tabbitha,make_order,view_order,clear_cart,delete_item,replace_item,checkout
you'll spot our last name as joly,make_order,view_order,clear_cart,delete_item,replace_item,checkout
you should have it under jacklin,make_order,view_order,clear_cart,delete_item,replace_item,checkout
we've got the family name adara,make_order,view_order,clear_cart,delete_item,replace_item,checkout
check under the family name robena,make_order,view_order,clear_cart,delete_item,replace_item,checkout
our party's last name should be wren,make_order,view_order,clear_cart,delete_item,replace_item,checkout
our team's family surname is gnni,make_order,view_order,clear_cart,delete_item,replace_item,checkout
we're booked with last name winna,make_order,view_order,clear_cart,delete_item,replace_item,checkout
please check the name jammie ophelia,make_order,view_order,clear_cart,delete_item,replace_item,checkout
look up the name merla,make_order,view_order,clear_cart,delete_item,replace_item,checkout
it might be under aloysia adey,make_order,view_order,clear_cart,delete_item,replace_item,checkout
look for the surname cassaundra,make_order,view_order,clear_cart,delete_item,replace_item,checkout
we've booked under the last name goldi,make_order,view_order,clear_cart,delete_item,replace_item,checkout
look for our family surname eadie,make_order,view_order,clear_cart,delete_item,replace_item,checkout
you should find our last name as malena,make_order,view_order,clear_cart,delete_item,replace_item,checkout
the name to look for is sorcha gloriana,make_order,view_order,clear_cart,delete_item,replace_item,checkout
yeah it's clair,make_order,view_order,clear_cart,delete_item,replace_item,checkout
the name should be courtenay shaina,make_order,view_order,clear_cart,delete_item,replace_item,checkout
under rena ebba,make_order,view_order,clear_cart,delete_item,replace_item,checkout
you'll find our family name as melanie,make_order,view_order,clear_cart,delete_item,replace_item,checkout
look for cherilynn moreen,make_order,view_order,clear_cart,delete_item,replace_item,checkout
krista,make_order,view_order,clear_cart,delete_item,replace_item,checkout
do it for sarina please,make_order,view_order,clear_cart,delete_item,replace_item,checkout
you'll see it under helli,make_order,view_order,clear_cart,delete_item,replace_item,checkout
do it for peggie,make_order,view_order,clear_cart,delete_item,replace_item,checkout
i think it's under chrysa marietta,make_order,view_order,clear_cart,delete_item,replace_item,checkout
put it under francine,make_order,view_order,clear_cart,delete_item,replace_item,checkout
the gang's last name is deeyn,make_order,view_order,clear_cart,delete_item,replace_item,checkout
you'll see it listed under valeria dorrie,make_order,view_order,clear_cart,delete_item,replace_item,checkout
you should find it listed as paige rici,make_order,view_order,clear_cart,delete_item,replace_item,checkout
my name is meg please,make_order,view_order,clear_cart,delete_item,replace_item,checkout
it's under becka darcy for dinner,make_order,view_order,clear_cart,delete_item,replace_item,checkout
our last name's written as kiri,make_order,view_order,clear_cart,delete_item,replace_item,checkout
try my name tova lucie,make_order,view_order,clear_cart,delete_item,replace_item,checkout
our group's last name is listed as patrice,make_order,view_order,clear_cart,delete_item,replace_item,checkout
here's our last name its elisabet,make_order,view_order,clear_cart,delete_item,replace_item,checkout
the squad's family name is emlynn,make_order,view_order,clear_cart,delete_item,replace_item,checkout
i believe it's katalin,make_order,view_order,clear_cart,delete_item,replace_item,checkout
we've registered our family name as carrissa,make_order,view_order,clear_cart,delete_item,replace_item,checkout
you should find the last name nollie there,make_order,view_order,clear_cart,delete_item,replace_item,checkout
check the name dorie,make_order,view_order,clear_cart,delete_item,replace_item,checkout
under elvera,make_order,view_order,clear_cart,delete_item,replace_item,checkout
you'll spot us under family surname alayne,make_order,view_order,clear_cart,delete_item,replace_item,checkout
try finding gilemette lyndell,make_order,view_order,clear_cart,delete_item,replace_item,checkout
try barbe,make_order,view_order,clear_cart,delete_item,replace_item,checkout
look up the surname rosmunda for our group,make_order,view_order,clear_cart,delete_item,replace_item,checkout
find us by our surname hulda,make_order,view_order,clear_cart,delete_item,replace_item,checkout
you should have it under cthrine filippa,make_order,view_order,clear_cart,delete_item,replace_item,checkout
it is made under sheelagh rebecca,make_order,view_order,clear_cart,delete_item,replace_item,checkout
find the name rhona,make_order,view_order,clear_cart,delete_item,replace_item,checkout
i think it's under meridel,make_order,view_order,clear_cart,delete_item,replace_item,checkout
you should find it listed as annetta,make_order,view_order,clear_cart,delete_item,replace_item,checkout
look up aryn,make_order,view_order,clear_cart,delete_item,replace_item,checkout
we're listed with the surname othelia,make_order,view_order,clear_cart,delete_item,replace_item,checkout
the name is peta,make_order,view_order,clear_cart,delete_item,replace_item,checkout
it might be under nerty,make_order,view_order,clear_cart,delete_item,replace_item,checkout
please check the name lissa,make_order,view_order,clear_cart,delete_item,replace_item,checkout
it will be for belle lulu please,make_order,view_order,clear_cart,delete_item,replace_item,checkout
i made it under selle,make_order,view_order,clear_cart,delete_item,replace_item,checkout
our team's last name is dyane,make_order,view_order,clear_cart,delete_item,replace_item,checkout
try finding franni,make_order,view_order,clear_cart,delete_item,replace_item,checkout
how about beth please,make_order,view_order,clear_cart,delete_item,replace_item,checkout
we're listed under norry,make_order,view_order,clear_cart,delete_item,replace_item,checkout
put it for pat please,make_order,view_order,clear_cart,delete_item,replace_item,checkout
our crew's family surname is noted as clare,make_order,view_order,clear_cart,delete_item,replace_item,checkout
it should be under joete,make_order,view_order,clear_cart,delete_item,replace_item,checkout
we're under lira,make_order,view_order,clear_cart,delete_item,replace_item,checkout
do it for magdalena crista,make_order,view_order,clear_cart,delete_item,replace_item,checkout
we've booked using family name jania,make_order,view_order,clear_cart,delete_item,replace_item,checkout
you should find melina,make_order,view_order,clear_cart,delete_item,replace_item,checkout
we're coming in under last name laurianne,make_order,view_order,clear_cart,delete_item,replace_item,checkout
we've given the last name maryann,make_order,view_order,clear_cart,delete_item,replace_item,checkout
we're using the last name meridel,make_order,view_order,clear_cart,delete_item,replace_item,checkout
yeah it's sasha mollee,make_order,view_order,clear_cart,delete_item,replace_item,checkout
make it for cassandra vally,make_order,view_order,clear_cart,delete_item,replace_item,checkout
our tribe's family name is rosy,make_order,view_order,clear_cart,delete_item,replace_item,checkout
under almeria sophie please,make_order,view_order,clear_cart,delete_item,replace_item,checkout
i'm lyn rachele,make_order,view_order,clear_cart,delete_item,replace_item,checkout
our crew's surname is claudette,make_order,view_order,clear_cart,delete_item,replace_item,checkout
it will be for ardelis jeanna,make_order,view_order,clear_cart,delete_item,replace_item,checkout
we're rolling in with last name dre,make_order,view_order,clear_cart,delete_item,replace_item,checkout
please check under ethelda,make_order,view_order,clear_cart,delete_item,replace_item,checkout
find it under darcie,make_order,view_order,clear_cart,delete_item,replace_item,checkout
try paulina kata,make_order,view_order,clear_cart,delete_item,replace_item,checkout
you'll find our last name listed as estelle,make_order,view_order,clear_cart,delete_item,replace_item,checkout
our table's booked under last name edith,make_order,view_order,clear_cart,delete_item,replace_item,checkout
the last name for our reservation is margalit,make_order,view_order,clear_cart,delete_item,replace_item,checkout
it's franky,make_order,view_order,clear_cart,delete_item,replace_item,checkout
the surname we're using is colline,make_order,view_order,clear_cart,delete_item,replace_item,checkout
try looking for lexie jordana,make_order,view_order,clear_cart,delete_item,replace_item,checkout
look up my name nancie,make_order,view_order,clear_cart,delete_item,replace_item,checkout
the surname you're looking for is lianne,make_order,view_order,clear_cart,delete_item,replace_item,checkout
our booking's last name is ginnie,make_order,view_order,clear_cart,delete_item,replace_item,checkout
we're coming through with last name malorie,make_order,view_order,clear_cart,delete_item,replace_item,checkout
our posse's surname is rosita,make_order,view_order,clear_cart,delete_item,replace_item,checkout
the crew's surname we gave is belita,make_order,view_order,clear_cart,delete_item,replace_item,checkout
search for the surname brittani,make_order,view_order,clear_cart,delete_item,replace_item,checkout
look up our surname dell,make_order,view_order,clear_cart,delete_item,replace_item,checkout
you'll see the surname oriana listed,make_order,view_order,clear_cart,delete_item,replace_item,checkout
the name should be stephana,make_order,view_order,clear_cart,delete_item,replace_item,checkout
you should have it under ingeberg damaris,make_order,view_order,clear_cart,delete_item,replace_item,checkout
you'll see us under family name dareen,make_order,view_order,clear_cart,delete_item,replace_item,checkout
check under emmye,make_order,view_order,clear_cart,delete_item,replace_item,checkout
look for our family name michelle in your system,make_order,view_order,clear_cart,delete_item,replace_item,checkout
the squad's last name should be listed as bridget,make_order,view_order,clear_cart,delete_item,replace_item,checkout
check for the name anica,make_order,view_order,clear_cart,delete_item,replace_item,checkout
we've used the family name brinna for booking,make_order,view_order,clear_cart,delete_item,replace_item,checkout
for roxi,make_order,view_order,clear_cart,delete_item,replace_item,checkout
try checking for tybi,make_order,view_order,clear_cart,delete_item,replace_item,checkout
it should be under roseann perrine,make_order,view_order,clear_cart,delete_item,replace_item,checkout
you'll find the surname meghan there,make_order,view_order,clear_cart,delete_item,replace_item,checkout
lets do goldi jess,make_order,view_order,clear_cart,delete_item,replace_item,checkout
the name to look for is brynne,make_order,view_order,clear_cart,delete_item,replace_item,checkout
our reservation's surname is louisa,make_order,view_order,clear_cart,delete_item,replace_item,checkout
seana kala,make_order,view_order,clear_cart,delete_item,replace_item,checkout
you should find us under last name rosamund,make_order,view_order,clear_cart,delete_item,replace_item,checkout
how about janelle,make_order,view_order,clear_cart,delete_item,replace_item,checkout
you'll see it under ardath concordia,make_order,view_order,clear_cart,delete_item,replace_item,checkout
try checking for betsy audi,make_order,view_order,clear_cart,delete_item,replace_item,checkout
the posse's last name is written down as vivyan,make_order,view_order,clear_cart,delete_item,replace_item,checkout
the crew's surname is esmaria,make_order,view_order,clear_cart,delete_item,replace_item,checkout
we've given the surname krysta,make_order,view_order,clear_cart,delete_item,replace_item,checkout
it's under pandora for dinner,make_order,view_order,clear_cart,delete_item,replace_item,checkout
look up our family name keelia,make_order,view_order,clear_cart,delete_item,replace_item,checkout
look up my name georgine carlie,make_order,view_order,clear_cart,delete_item,replace_item,checkout
our posse's last name is kerrill,make_order,view_order,clear_cart,delete_item,replace_item,checkout
you can find it under kelley evania,make_order,view_order,clear_cart,delete_item,replace_item,checkout
it's listed under aleda,make_order,view_order,clear_cart,delete_item,replace_item,checkout
lets do mignonne please,make_order,view_order,clear_cart,delete_item,replace_item,checkout
my name is mora rosella,make_order,view_order,clear_cart,delete_item,replace_item,checkout
look up the surname delly for us,make_order,view_order,clear_cart,delete_item,replace_item,checkout
try looking for charisse,make_order,view_order,clear_cart,delete_item,replace_item,checkout
find it under the name jorie becka,make_order,view_order,clear_cart,delete_item,replace_item,checkout
our tribe's surname is written as bernetta,make_order,view_order,clear_cart,delete_item,replace_item,checkout
try the name binnie,make_order,view_order,clear_cart,delete_item,replace_item,checkout
our crew's last name is valera,make_order,view_order,clear_cart,delete_item,replace_item,checkout
we've registered with family name fayth,make_order,view_order,clear_cart,delete_item,replace_item,checkout
check for our last name tim,make_order,view_order,clear_cart,delete_item,replace_item,checkout
make it maurine thomasina please,make_order,view_order,clear_cart,delete_item,replace_item,checkout
you should see our surname as susanna,make_order,view_order,clear_cart,delete_item,replace_item,checkout
my name is nesta,make_order,view_order,clear_cart,delete_item,replace_item,checkout
should be kally alleen,make_order,view_order,clear_cart,delete_item,replace_item,checkout
should be under lilias,make_order,view_order,clear_cart,delete_item,replace_item,checkout
find our last name brittney in your reservation list,make_order,view_order,clear_cart,delete_item,replace_item,checkout
please find it under genevra nannie,make_order,view_order,clear_cart,delete_item,replace_item,checkout
check for the family name kessia,make_order,view_order,clear_cart,delete_item,replace_item,checkout
lets do flss jermaine please,make_order,view_order,clear_cart,delete_item,replace_item,checkout
its listed under the name leodora,make_order,view_order,clear_cart,delete_item,replace_item,checkout
i believe it's caro ernestine,make_order,view_order,clear_cart,delete_item,replace_item,checkout
the clan's last name is lorraine,make_order,view_order,clear_cart,delete_item,replace_item,checkout
daria annnora please,make_order,view_order,clear_cart,delete_item,replace_item,checkout
we're coming in under surname elene,make_order,view_order,clear_cart,delete_item,replace_item,checkout
our tribe's last name is dorie,make_order,view_order,clear_cart,delete_item,replace_item,checkout
we're listed under last name ingeborg,make_order,view_order,clear_cart,delete_item,replace_item,checkout
our group's last name is ortensia,make_order,view_order,clear_cart,delete_item,replace_item,checkout
you should see our family name felisha,make_order,view_order,clear_cart,delete_item,replace_item,checkout
you'll find it listed as minda shena,make_order,view_order,clear_cart,delete_item,replace_item,checkout
we've used the family surname merissa,make_order,view_order,clear_cart,delete_item,replace_item,checkout
you'll find our last name as anastassia,make_order,view_order,clear_cart,delete_item,replace_item,checkout
search for our last name adrianna in your records,make_order,view_order,clear_cart,delete_item,replace_item,checkout
the reservation's under surname rebbecca,make_order,view_order,clear_cart,delete_item,replace_item,checkout
should be under the name of merci sella,make_order,view_order,clear_cart,delete_item,replace_item,checkout
sure it's tani,make_order,view_order,clear_cart,delete_item,replace_item,checkout
it's lindi gina i believe,make_order,view_order,clear_cart,delete_item,replace_item,checkout
the name is vivienne reyna,make_order,view_order,clear_cart,delete_item,replace_item,checkout
the clan's family surname is jemimah,make_order,view_order,clear_cart,delete_item,replace_item,checkout
please check for isabel,make_order,view_order,clear_cart,delete_item,replace_item,checkout
please look up jenilee gillian,make_order,view_order,clear_cart,delete_item,replace_item,checkout
check for sunshine leoine,make_order,view_order,clear_cart,delete_item,replace_item,checkout
check for our family name rhoda,make_order,view_order,clear_cart,delete_item,replace_item,checkout
make it for pet,make_order,view_order,clear_cart,delete_item,replace_item,checkout
sure it's gerta anestassia,make_order,view_order,clear_cart,delete_item,replace_item,checkout
please check for jessamyn,make_order,view_order,clear_cart,delete_item,replace_item,checkout
we have it under vanda,make_order,view_order,clear_cart,delete_item,replace_item,checkout
search for our last name cyb,make_order,view_order,clear_cart,delete_item,replace_item,checkout
put it for valery trixy,make_order,view_order,clear_cart,delete_item,replace_item,checkout
it's irita petronilla for tonight,make_order,view_order,clear_cart,delete_item,replace_item,checkout
we're rolling in with family name irita,make_order,view_order,clear_cart,delete_item,replace_item,checkout
my name is reena paula please,make_order,view_order,clear_cart,delete_item,replace_item,checkout
you can find it under maitilde,make_order,view_order,clear_cart,delete_item,replace_item,checkout
the squad's last name is chlo,make_order,view_order,clear_cart,delete_item,replace_item,checkout
put it for dody,make_order,view_order,clear_cart,delete_item,replace_item,checkout
should be merl,make_order,view_order,clear_cart,delete_item,replace_item,checkout
check under christye wylma,make_order,view_order,clear_cart,delete_item,replace_item,checkout
we're coming in with last name fancie,make_order,view_order,clear_cart,delete_item,replace_item,checkout
our name is blithe,make_order,view_order,clear_cart,delete_item,replace_item,checkout
our party's last name is lanae,make_order,view_order,clear_cart,delete_item,replace_item,checkout
check for my name emogene,make_order,view_order,clear_cart,delete_item,replace_item,checkout
it's luciana i believe,make_order,view_order,clear_cart,delete_item,replace_item,checkout
do it for cecilla lorine please,make_order,view_order,clear_cart,delete_item,replace_item,checkout
try my name morgana,make_order,view_order,clear_cart,delete_item,replace_item,checkout
name should be halie,make_order,view_order,clear_cart,delete_item,replace_item,checkout
the surname we're using tonight is maryellen,make_order,view_order,clear_cart,delete_item,replace_item,checkout
our clan's last name is sarette,make_order,view_order,clear_cart,delete_item,replace_item,checkout
please find it under jerrie,make_order,view_order,clear_cart,delete_item,replace_item,checkout
put it under conchita arlana please,make_order,view_order,clear_cart,delete_item,replace_item,checkout
check the name ranna letta,make_order,view_order,clear_cart,delete_item,replace_item,checkout
we're registered under family name elisha,make_order,view_order,clear_cart,delete_item,replace_item,checkout
we're listed under shela nelie,make_order,view_order,clear_cart,delete_item,replace_item,checkout
our family name is loreen,make_order,view_order,clear_cart,delete_item,replace_item,checkout
we're under ally patti,make_order,view_order,clear_cart,delete_item,replace_item,checkout
look under sandy ettie,make_order,view_order,clear_cart,delete_item,replace_item,checkout
please look for the name joellen tana,make_order,view_order,clear_cart,delete_item,replace_item,checkout
find our surname jacky,make_order,view_order,clear_cart,delete_item,replace_item,checkout
you should see the surname nat there,make_order,view_order,clear_cart,delete_item,replace_item,checkout
you'll see us under the last name germana,make_order,view_order,clear_cart,delete_item,replace_item,checkout
under gabriela please,make_order,view_order,clear_cart,delete_item,replace_item,checkout
it's modestine marne,make_order,view_order,clear_cart,delete_item,replace_item,checkout
our reservation's last name is farah,make_order,view_order,clear_cart,delete_item,replace_item,checkout
we've put down our last name as arabella,make_order,view_order,clear_cart,delete_item,replace_item,checkout
you'll find it listed as zola,make_order,view_order,clear_cart,delete_item,replace_item,checkout
should be under the name of celine,make_order,view_order,clear_cart,delete_item,replace_item,checkout
make it for denni please,make_order,view_order,clear_cart,delete_item,replace_item,checkout
you should spot the surname eada for our group,make_order,view_order,clear_cart,delete_item,replace_item,checkout
check for the name lavinie holli,make_order,view_order,clear_cart,delete_item,replace_item,checkout
we've used the surname mirelle,make_order,view_order,clear_cart,delete_item,replace_item,checkout
we're listed under the last name rachael,make_order,view_order,clear_cart,delete_item,replace_item,checkout
look for our last name tamarah in your system,make_order,view_order,clear_cart,delete_item,replace_item,checkout
check for our last name diane in your books,make_order,view_order,clear_cart,delete_item,replace_item,checkout
you'll see it listed under opalina,make_order,view_order,clear_cart,delete_item,replace_item,checkout
please check for zonnya fidelia,make_order,view_order,clear_cart,delete_item,replace_item,checkout
name should be janice marcie,make_order,view_order,clear_cart,delete_item,replace_item,checkout
put it for kelcey jerrylee please,make_order,view_order,clear_cart,delete_item,replace_item,checkout
the gang's family name is otha,make_order,view_order,clear_cart,delete_item,replace_item,checkout
you should have it under niki,make_order,view_order,clear_cart,delete_item,replace_item,checkout
we've booked under family name faustina,make_order,view_order,clear_cart,delete_item,replace_item,checkout
check the name dorree,make_order,view_order,clear_cart,delete_item,replace_item,checkout
our party's family name is dani,make_order,view_order,clear_cart,delete_item,replace_item,checkout
you'll find us under the surname aubine,make_order,view_order,clear_cart,delete_item,replace_item,checkout
make it britt please,make_order,view_order,clear_cart,delete_item,replace_item,checkout
the last name to look for is ethelyn,make_order,view_order,clear_cart,delete_item,replace_item,checkout
i made it under bobbie cacilia,make_order,view_order,clear_cart,delete_item,replace_item,checkout
put it under rebbecca please,make_order,view_order,clear_cart,delete_item,replace_item,checkout
you'll find it under orel,make_order,view_order,clear_cart,delete_item,replace_item,checkout
for yasmin misty,make_order,view_order,clear_cart,delete_item,replace_item,checkout
we've registered under last name ginny,make_order,view_order,clear_cart,delete_item,replace_item,checkout
please look up kipp,make_order,view_order,clear_cart,delete_item,replace_item,checkout
check for the name vicki,make_order,view_order,clear_cart,delete_item,replace_item,checkout
we've booked using last name gilligan,make_order,view_order,clear_cart,delete_item,replace_item,checkout
find the name bonita josselyn,make_order,view_order,clear_cart,delete_item,replace_item,checkout
the reservation surname is marjorie,make_order,view_order,clear_cart,delete_item,replace_item,checkout
its listed under the name muire odelia,make_order,view_order,clear_cart,delete_item,replace_item,checkout
our group's family name is katha,make_order,view_order,clear_cart,delete_item,replace_item,checkout
the gang's family name should be sheree,make_order,view_order,clear_cart,delete_item,replace_item,checkout
i believe it's under dorris calley,make_order,view_order,clear_cart,delete_item,replace_item,checkout
make it for monah alecia please,make_order,view_order,clear_cart,delete_item,replace_item,checkout
check the name berry geri,make_order,view_order,clear_cart,delete_item,replace_item,checkout
for florry please,make_order,view_order,clear_cart,delete_item,replace_item,checkout
the family name you're after is ethel,make_order,view_order,clear_cart,delete_item,replace_item,checkout
please check under isabelita maryrose,make_order,view_order,clear_cart,delete_item,replace_item,checkout
the family name we gave was bennie,make_order,view_order,clear_cart,delete_item,replace_item,checkout
lets do kelila,make_order,view_order,clear_cart,delete_item,replace_item,checkout
look for cassy,make_order,view_order,clear_cart,delete_item,replace_item,checkout
you should find crysta arabela,make_order,view_order,clear_cart,delete_item,replace_item,checkout
search for our family surname tammara,make_order,view_order,clear_cart,delete_item,replace_item,checkout
we're booked under the surname cathlene,make_order,view_order,clear_cart,delete_item,replace_item,checkout
the family surname we're using is estele,make_order,view_order,clear_cart,delete_item,replace_item,checkout
we've given our family surname as daffy,make_order,view_order,clear_cart,delete_item,replace_item,checkout
you'll see the last name agnes listed,make_order,view_order,clear_cart,delete_item,replace_item,checkout
look up the name roseanna sidonnie,make_order,view_order,clear_cart,delete_item,replace_item,checkout
the last name we're using is cassandra,make_order,view_order,clear_cart,delete_item,replace_item,checkout
it's under the name yvonne,make_order,view_order,clear_cart,delete_item,replace_item,checkout
you should spot the family name giorgia,make_order,view_order,clear_cart,delete_item,replace_item,checkout
look for the name amelia golda,make_order,view_order,clear_cart,delete_item,replace_item,checkout
find it under the name melessa,make_order,view_order,clear_cart,delete_item,replace_item,checkout
it's under the name marylin ellene,make_order,view_order,clear_cart,delete_item,replace_item,checkout
i believe it's under lorelei,make_order,view_order,clear_cart,delete_item,replace_item,checkout
please look for the name vivien cilka,make_order,view_order,clear_cart,delete_item,replace_item,checkout
check for our last name lorry,make_order,view_order,clear_cart,delete_item,replace_item,checkout
you'll see us under family name rina,make_order,view_order,clear_cart,delete_item,replace_item,checkout
our group's last name is kaleena,make_order,view_order,clear_cart,delete_item,replace_item,checkout
check for chelsie,make_order,view_order,clear_cart,delete_item,replace_item,checkout
please check under aviva cherry,make_order,view_order,clear_cart,delete_item,replace_item,checkout
under alex nellie please,make_order,view_order,clear_cart,delete_item,replace_item,checkout
check for the name mignon desiri,make_order,view_order,clear_cart,delete_item,replace_item,checkout
look up the surname ardra for us,make_order,view_order,clear_cart,delete_item,replace_item,checkout
look up caryl,make_order,view_order,clear_cart,delete_item,replace_item,checkout
search for our family surname lyda,make_order,view_order,clear_cart,delete_item,replace_item,checkout
you should have it under verine anne,make_order,view_order,clear_cart,delete_item,replace_item,checkout
look for our family surname jessie,make_order,view_order,clear_cart,delete_item,replace_item,checkout
try finding demeter perry,make_order,view_order,clear_cart,delete_item,replace_item,checkout
you'll see it listed under marie-ann marilyn,make_order,view_order,clear_cart,delete_item,replace_item,checkout
we're coming through with last name sioux,make_order,view_order,clear_cart,delete_item,replace_item,checkout
we've registered with family name nichole,make_order,view_order,clear_cart,delete_item,replace_item,checkout
we've booked under family name cinderella,make_order,view_order,clear_cart,delete_item,replace_item,checkout
you'll find it listed as joana,make_order,view_order,clear_cart,delete_item,replace_item,checkout
make it sonia tamarra,make_order,view_order,clear_cart,delete_item,replace_item,checkout
please look up patti leonore,make_order,view_order,clear_cart,delete_item,replace_item,checkout
its listed under the name valera rozella,make_order,view_order,clear_cart,delete_item,replace_item,checkout
look for the family name wanids,make_order,view_order,clear_cart,delete_item,replace_item,checkout
check for the name briana,make_order,view_order,clear_cart,delete_item,replace_item,checkout
we're coming in with last name layney,make_order,view_order,clear_cart,delete_item,replace_item,checkout
search for the surname pavia,make_order,view_order,clear_cart,delete_item,replace_item,checkout
the clan's family surname is theadora,make_order,view_order,clear_cart,delete_item,replace_item,checkout
our tribe's last name is tildy,make_order,view_order,clear_cart,delete_item,replace_item,checkout
we've registered with surname sherilyn,make_order,view_order,clear_cart,delete_item,replace_item,checkout
tess please,make_order,view_order,clear_cart,delete_item,replace_item,checkout
you should find uta wynny,make_order,view_order,clear_cart,delete_item,replace_item,checkout
we've given the last name caron,make_order,view_order,clear_cart,delete_item,replace_item,checkout
it's listed under myrah merry,make_order,view_order,clear_cart,delete_item,replace_item,checkout
for sande lucienne,make_order,view_order,clear_cart,delete_item,replace_item,checkout
the reservation surname is gerty,make_order,view_order,clear_cart,delete_item,replace_item,checkout
we're listed under the last name tanya,make_order,view_order,clear_cart,delete_item,replace_item,checkout
should be under elspeth vera,make_order,view_order,clear_cart,delete_item,replace_item,checkout
i believe it's under ethelin vivie,make_order,view_order,clear_cart,delete_item,replace_item,checkout
put it under sheeree please,make_order,view_order,clear_cart,delete_item,replace_item,checkout
we're rolling in with family name gleda,make_order,view_order,clear_cart,delete_item,replace_item,checkout
you'll find it under letta,make_order,view_order,clear_cart,delete_item,replace_item,checkout
it is made under marylynne,make_order,view_order,clear_cart,delete_item,replace_item,checkout
the gang's last name is lil,make_order,view_order,clear_cart,delete_item,replace_item,checkout
our tribe's surname is written as giselle,make_order,view_order,clear_cart,delete_item,replace_item,checkout
you'll find us under the surname blair,make_order,view_order,clear_cart,delete_item,replace_item,checkout
you should find us under last name ladonna,make_order,view_order,clear_cart,delete_item,replace_item,checkout
it's anne-marie,make_order,view_order,clear_cart,delete_item,replace_item,checkout
search for our last name cathy,make_order,view_order,clear_cart,delete_item,replace_item,checkout
please look up allie,make_order,view_order,clear_cart,delete_item,replace_item,checkout
make it rosanne,make_order,view_order,clear_cart,delete_item,replace_item,checkout
you should spot the surname sibley for our group,make_order,view_order,clear_cart,delete_item,replace_item,checkout
look for the surname amii,make_order,view_order,clear_cart,delete_item,replace_item,checkout
our reservation's last name is raphaela,make_order,view_order,clear_cart,delete_item,replace_item,checkout
my name is twila lorna,make_order,view_order,clear_cart,delete_item,replace_item,checkout
check the name marilee lauralee,make_order,view_order,clear_cart,delete_item,replace_item,checkout
it might be under babara,make_order,view_order,clear_cart,delete_item,replace_item,checkout
please check for doralia,make_order,view_order,clear_cart,delete_item,replace_item,checkout
our crew's surname is livy,make_order,view_order,clear_cart,delete_item,replace_item,checkout
find it under the name keslie georgia,make_order,view_order,clear_cart,delete_item,replace_item,checkout
look up the name shaylyn dominique,make_order,view_order,clear_cart,delete_item,replace_item,checkout
you should see our surname as jesselyn,make_order,view_order,clear_cart,delete_item,replace_item,checkout
lets do alla sari,make_order,view_order,clear_cart,delete_item,replace_item,checkout
our tribe's family name is carin,make_order,view_order,clear_cart,delete_item,replace_item,checkout
do it for vivi,make_order,view_order,clear_cart,delete_item,replace_item,checkout
look up the surname margareta for our group,make_order,view_order,clear_cart,delete_item,replace_item,checkout
it is made under debora perri,make_order,view_order,clear_cart,delete_item,replace_item,checkout
i'm harriet,make_order,view_order,clear_cart,delete_item,replace_item,checkout
sure it's rafa jolyn,make_order,view_order,clear_cart,delete_item,replace_item,checkout
check for dasi miranda,make_order,view_order,clear_cart,delete_item,replace_item,checkout
it's under the name wenonah mela,make_order,view_order,clear_cart,delete_item,replace_item,checkout
how about shana anabelle please,make_order,view_order,clear_cart,delete_item,replace_item,checkout
make it giovanna please,make_order,view_order,clear_cart,delete_item,replace_item,checkout
try kati,make_order,view_order,clear_cart,delete_item,replace_item,checkout
our team's family name is recorded as brietta,make_order,view_order,clear_cart,delete_item,replace_item,checkout
try finding georgina,make_order,view_order,clear_cart,delete_item,replace_item,checkout
you'll see the surname claudelle listed,make_order,view_order,clear_cart,delete_item,replace_item,checkout
i believe it's under rahal,make_order,view_order,clear_cart,delete_item,replace_item,checkout
try the name karisa roch,make_order,view_order,clear_cart,delete_item,replace_item,checkout
look up my name lyndsey coraline,make_order,view_order,clear_cart,delete_item,replace_item,checkout
the posse's last name is written down as jori,make_order,view_order,clear_cart,delete_item,replace_item,checkout
you can find it under rhonda,make_order,view_order,clear_cart,delete_item,replace_item,checkout
my name is clotilda dagmar please,make_order,view_order,clear_cart,delete_item,replace_item,checkout
we're rolling in with last name chloe,make_order,view_order,clear_cart,delete_item,replace_item,checkout
check under the family name netty,make_order,view_order,clear_cart,delete_item,replace_item,checkout
should be under celestyna,make_order,view_order,clear_cart,delete_item,replace_item,checkout
look up our family surname sile in your system,make_order,view_order,clear_cart,delete_item,replace_item,checkout
do it for shandee please,make_order,view_order,clear_cart,delete_item,replace_item,checkout
lets do kasey please,make_order,view_order,clear_cart,delete_item,replace_item,checkout
try madel deloris,make_order,view_order,clear_cart,delete_item,replace_item,checkout
look for our family name johanna in your system,make_order,view_order,clear_cart,delete_item,replace_item,checkout
the name to look for is devora evangelin,make_order,view_order,clear_cart,delete_item,replace_item,checkout
please check for dottie,make_order,view_order,clear_cart,delete_item,replace_item,checkout
the name is carolann,make_order,view_order,clear_cart,delete_item,replace_item,checkout
the family name we gave was danyette,make_order,view_order,clear_cart,delete_item,replace_item,checkout
our table's booked under last name zorina,make_order,view_order,clear_cart,delete_item,replace_item,checkout
find our surname marylee,make_order,view_order,clear_cart,delete_item,replace_item,checkout
you'll spot us under family surname mehetabel,make_order,view_order,clear_cart,delete_item,replace_item,checkout
name should be alida,make_order,view_order,clear_cart,delete_item,replace_item,checkout
put it for daryl kassie,make_order,view_order,clear_cart,delete_item,replace_item,checkout
i think it's listed under rivi sandi,make_order,view_order,clear_cart,delete_item,replace_item,checkout
you'll find the surname naoma there,make_order,view_order,clear_cart,delete_item,replace_item,checkout
the name should be lorena,make_order,view_order,clear_cart,delete_item,replace_item,checkout
we're under fern bernita,make_order,view_order,clear_cart,delete_item,replace_item,checkout
for lonee jerry please,make_order,view_order,clear_cart,delete_item,replace_item,checkout
it's under the name loreen,make_order,view_order,clear_cart,delete_item,replace_item,checkout
look under tommie nanni,make_order,view_order,clear_cart,delete_item,replace_item,checkout
the squad's last name should be listed as barry,make_order,view_order,clear_cart,delete_item,replace_item,checkout
we're listed under the name danika,make_order,view_order,clear_cart,delete_item,replace_item,checkout
our party's last name should be fionna,make_order,view_order,clear_cart,delete_item,replace_item,checkout
check for the last name janenna,make_order,view_order,clear_cart,delete_item,replace_item,checkout
it's row for tonight,make_order,view_order,clear_cart,delete_item,replace_item,checkout
it's eadie mora,make_order,view_order,clear_cart,delete_item,replace_item,checkout
check for our surname myrle in your files,make_order,view_order,clear_cart,delete_item,replace_item,checkout
our name is sidoney justine,make_order,view_order,clear_cart,delete_item,replace_item,checkout
we have it under allyson,make_order,view_order,clear_cart,delete_item,replace_item,checkout
check our family name carlynn,make_order,view_order,clear_cart,delete_item,replace_item,checkout
try the name dolly,make_order,view_order,clear_cart,delete_item,replace_item,checkout
check under steffie,make_order,view_order,clear_cart,delete_item,replace_item,checkout
check for the name adina,make_order,view_order,clear_cart,delete_item,replace_item,checkout
you should have it under mabel,make_order,view_order,clear_cart,delete_item,replace_item,checkout
check for the family name anitra,make_order,view_order,clear_cart,delete_item,replace_item,checkout
we're listed under the name letizia ericka,make_order,view_order,clear_cart,delete_item,replace_item,checkout
it's listed under maurene,make_order,view_order,clear_cart,delete_item,replace_item,checkout
shani,make_order,view_order,clear_cart,delete_item,replace_item,checkout
we've put down the family name anne-marie,make_order,view_order,clear_cart,delete_item,replace_item,checkout
should be under the name of reina drusi,make_order,view_order,clear_cart,delete_item,replace_item,checkout
try checking for lauren,make_order,view_order,clear_cart,delete_item,replace_item,checkout
we've used the family name jenifer for booking,make_order,view_order,clear_cart,delete_item,replace_item,checkout
my name is merrili please,make_order,view_order,clear_cart,delete_item,replace_item,checkout
you should spot the family name noni,make_order,view_order,clear_cart,delete_item,replace_item,checkout
our team's last name is tybie,make_order,view_order,clear_cart,delete_item,replace_item,checkout
here's our last name its tallie,make_order,view_order,clear_cart,delete_item,replace_item,checkout
the reservation's surname is eba,make_order,view_order,clear_cart,delete_item,replace_item,checkout
try my name cissiee,make_order,view_order,clear_cart,delete_item,replace_item,checkout
i think it's listed under vanessa,make_order,view_order,clear_cart,delete_item,replace_item,checkout
you'll see it listed under alana,make_order,view_order,clear_cart,delete_item,replace_item,checkout
the gang's family name should be gladi,make_order,view_order,clear_cart,delete_item,replace_item,checkout
our group's family name is lela,make_order,view_order,clear_cart,delete_item,replace_item,checkout
please check for caroline rochelle,make_order,view_order,clear_cart,delete_item,replace_item,checkout
you should find ezmeralda,make_order,view_order,clear_cart,delete_item,replace_item,checkout
make it for johnna phoebe,make_order,view_order,clear_cart,delete_item,replace_item,checkout
it might be under nessi shannah,make_order,view_order,clear_cart,delete_item,replace_item,checkout
please find it under alma,make_order,view_order,clear_cart,delete_item,replace_item,checkout
the surname for our group is elena,make_order,view_order,clear_cart,delete_item,replace_item,checkout
we're using the last name trula,make_order,view_order,clear_cart,delete_item,replace_item,checkout
our team's family surname is kaylil,make_order,view_order,clear_cart,delete_item,replace_item,checkout
the name is rose lissa,make_order,view_order,clear_cart,delete_item,replace_item,checkout
it will be for gavrielle ariella,make_order,view_order,clear_cart,delete_item,replace_item,checkout
the clan's last name is roxana,make_order,view_order,clear_cart,delete_item,replace_item,checkout
lets do fey jamima please,make_order,view_order,clear_cart,delete_item,replace_item,checkout
kari belia,make_order,view_order,clear_cart,delete_item,replace_item,checkout
for linda,make_order,view_order,clear_cart,delete_item,replace_item,checkout
we've put down our last name as eleanore,make_order,view_order,clear_cart,delete_item,replace_item,checkout
yeah it's jacquenette rasla,make_order,view_order,clear_cart,delete_item,replace_item,checkout
look for the name theda,make_order,view_order,clear_cart,delete_item,replace_item,checkout
look up our family name nike,make_order,view_order,clear_cart,delete_item,replace_item,checkout
make it for carolyne please,make_order,view_order,clear_cart,delete_item,replace_item,checkout
you'll find us under the surname lora,make_order,view_order,clear_cart,delete_item,replace_item,checkout
we're under irene,make_order,view_order,clear_cart,delete_item,replace_item,checkout
the crew's surname is avril,make_order,view_order,clear_cart,delete_item,replace_item,checkout
make it for ana,make_order,view_order,clear_cart,delete_item,replace_item,checkout
you should see the surname carlota there,make_order,view_order,clear_cart,delete_item,replace_item,checkout
please check under harlene,make_order,view_order,clear_cart,delete_item,replace_item,checkout
check for the name fifi henrietta,make_order,view_order,clear_cart,delete_item,replace_item,checkout
our posse's last name is nanci,make_order,view_order,clear_cart,delete_item,replace_item,checkout
our family name is rosabel,make_order,view_order,clear_cart,delete_item,replace_item,checkout
we have it under karena astrid,make_order,view_order,clear_cart,delete_item,replace_item,checkout
check for our surname shannon,make_order,view_order,clear_cart,delete_item,replace_item,checkout
yeah it's deloris,make_order,view_order,clear_cart,delete_item,replace_item,checkout
it's fionnula diana for tonight,make_order,view_order,clear_cart,delete_item,replace_item,checkout
the family surname we're using is gwenore,make_order,view_order,clear_cart,delete_item,replace_item,checkout
should be under the name of linnell,make_order,view_order,clear_cart,delete_item,replace_item,checkout
i made it under gina sorcha,make_order,view_order,clear_cart,delete_item,replace_item,checkout
look for grazia,make_order,view_order,clear_cart,delete_item,replace_item,checkout
put it under laureen trudi,make_order,view_order,clear_cart,delete_item,replace_item,checkout
our last name's written as janifer,make_order,view_order,clear_cart,delete_item,replace_item,checkout
our reservation's surname is cherie,make_order,view_order,clear_cart,delete_item,replace_item,checkout
i'm silvie birgitta,make_order,view_order,clear_cart,delete_item,replace_item,checkout
we're listed under malina,make_order,view_order,clear_cart,delete_item,replace_item,checkout
i made it under rina,make_order,view_order,clear_cart,delete_item,replace_item,checkout
should be essie,make_order,view_order,clear_cart,delete_item,replace_item,checkout
search for the family name cyndi,make_order,view_order,clear_cart,delete_item,replace_item,checkout
find it under lorine ingaborg,make_order,view_order,clear_cart,delete_item,replace_item,checkout
the name to look for is maia,make_order,view_order,clear_cart,delete_item,replace_item,checkout
find it under the name perl,make_order,view_order,clear_cart,delete_item,replace_item,checkout
sure it's carmita,make_order,view_order,clear_cart,delete_item,replace_item,checkout
the gang's family name is clotilda,make_order,view_order,clear_cart,delete_item,replace_item,checkout
we've used the family surname ros,make_order,view_order,clear_cart,delete_item,replace_item,checkout
for shirleen please,make_order,view_order,clear_cart,delete_item,replace_item,checkout
our party's family name is arden,make_order,view_order,clear_cart,delete_item,replace_item,checkout
you should find our last name as raine,make_order,view_order,clear_cart,delete_item,replace_item,checkout
we're registered under family name ashla,make_order,view_order,clear_cart,delete_item,replace_item,checkout
the crew's surname we gave is keri,make_order,view_order,clear_cart,delete_item,replace_item,checkout
please check the name fredelia livvyy,make_order,view_order,clear_cart,delete_item,replace_item,checkout
we're coming through with family surname lynn,make_order,view_order,clear_cart,delete_item,replace_item,checkout
our clan's last name is kitti,make_order,view_order,clear_cart,delete_item,replace_item,checkout
we're coming in under surname eartha,make_order,view_order,clear_cart,delete_item,replace_item,checkout
name should be dolorita katherina,make_order,view_order,clear_cart,delete_item,replace_item,checkout
its listed under the name deeyn,make_order,view_order,clear_cart,delete_item,replace_item,checkout
do it for laurie justina,make_order,view_order,clear_cart,delete_item,replace_item,checkout
look up my name shae,make_order,view_order,clear_cart,delete_item,replace_item,checkout
we've registered under last name lexi,make_order,view_order,clear_cart,delete_item,replace_item,checkout
we've booked under the last name emmalynne,make_order,view_order,clear_cart,delete_item,replace_item,checkout
it's valma i believe,make_order,view_order,clear_cart,delete_item,replace_item,checkout
we've booked using last name flora,make_order,view_order,clear_cart,delete_item,replace_item,checkout
look for our last name suzy in your system,make_order,view_order,clear_cart,delete_item,replace_item,checkout
we're listed under christabella paloma,make_order,view_order,clear_cart,delete_item,replace_item,checkout
please check the name kakalina,make_order,view_order,clear_cart,delete_item,replace_item,checkout
the squad's last name is darda,make_order,view_order,clear_cart,delete_item,replace_item,checkout
you can find it under sydelle trudy,make_order,view_order,clear_cart,delete_item,replace_item,checkout
the family name you're after is lenka,make_order,view_order,clear_cart,delete_item,replace_item,checkout
it should be under minnnie janene,make_order,view_order,clear_cart,delete_item,replace_item,checkout
look up the name carolina,make_order,view_order,clear_cart,delete_item,replace_item,checkout
the name should be vere nady,make_order,view_order,clear_cart,delete_item,replace_item,checkout
lets do tamara,make_order,view_order,clear_cart,delete_item,replace_item,checkout
you'll find our last name listed as dael,make_order,view_order,clear_cart,delete_item,replace_item,checkout
the last name we're using is eleni,make_order,view_order,clear_cart,delete_item,replace_item,checkout
you should find the last name cathryn there,make_order,view_order,clear_cart,delete_item,replace_item,checkout
we've used the surname estrellita,make_order,view_order,clear_cart,delete_item,replace_item,checkout
the surname you're looking for is twyla,make_order,view_order,clear_cart,delete_item,replace_item,checkout
it's doroteya talyah i believe,make_order,view_order,clear_cart,delete_item,replace_item,checkout
we're booked under the surname harri,make_order,view_order,clear_cart,delete_item,replace_item,checkout
i think it's under gwendolen celestia,make_order,view_order,clear_cart,delete_item,replace_item,checkout
it should be under jeanie,make_order,view_order,clear_cart,delete_item,replace_item,checkout
i believe it's karlen roshelle,make_order,view_order,clear_cart,delete_item,replace_item,checkout
you'll spot our last name as karry,make_order,view_order,clear_cart,delete_item,replace_item,checkout
check the name bellina,make_order,view_order,clear_cart,delete_item,replace_item,checkout
how about aurelea roze,make_order,view_order,clear_cart,delete_item,replace_item,checkout
we've put our last name down as bambie,make_order,view_order,clear_cart,delete_item,replace_item,checkout
we've got the family name antonella,make_order,view_order,clear_cart,delete_item,replace_item,checkout
my name is fannie,make_order,view_order,clear_cart,delete_item,replace_item,checkout
teriann dody please,make_order,view_order,clear_cart,delete_item,replace_item,checkout
put it for pauletta please,make_order,view_order,clear_cart,delete_item,replace_item,checkout
we're coming in under last name sofia,make_order,view_order,clear_cart,delete_item,replace_item,checkout
check for my name elayne,make_order,view_order,clear_cart,delete_item,replace_item,checkout
it will be for rene,make_order,view_order,clear_cart,delete_item,replace_item,checkout
try looking for kathryne,make_order,view_order,clear_cart,delete_item,replace_item,checkout
how about chiquia,make_order,view_order,clear_cart,delete_item,replace_item,checkout
we've given the family name vivianne,make_order,view_order,clear_cart,delete_item,replace_item,checkout
should be christin ainsley,make_order,view_order,clear_cart,delete_item,replace_item,checkout
check for our family name lorrin,make_order,view_order,clear_cart,delete_item,replace_item,checkout
please look for the name umeko,make_order,view_order,clear_cart,delete_item,replace_item,checkout
look for marcille dorisa,make_order,view_order,clear_cart,delete_item,replace_item,checkout
our crew's last name is deena,make_order,view_order,clear_cart,delete_item,replace_item,checkout
the squad's family name is brandi,make_order,view_order,clear_cart,delete_item,replace_item,checkout
check the name sapphira,make_order,view_order,clear_cart,delete_item,replace_item,checkout
you should find it listed as edwina,make_order,view_order,clear_cart,delete_item,replace_item,checkout
you'll see the last name brittan listed,make_order,view_order,clear_cart,delete_item,replace_item,checkout
we're listed under last name wendye,make_order,view_order,clear_cart,delete_item,replace_item,checkout
you'll find our family name as madella,make_order,view_order,clear_cart,delete_item,replace_item,checkout
it's under lexis lory for dinner,make_order,view_order,clear_cart,delete_item,replace_item,checkout
look up our family name ali please,make_order,view_order,clear_cart,delete_item,replace_item,checkout
under stephi valma,make_order,view_order,clear_cart,delete_item,replace_item,checkout
try checking for marika alyssa,make_order,view_order,clear_cart,delete_item,replace_item,checkout
our group's last name is listed as emelia,make_order,view_order,clear_cart,delete_item,replace_item,checkout
search for our last name clemence in your records,make_order,view_order,clear_cart,delete_item,replace_item,checkout
we've registered our family name as devinne,make_order,view_order,clear_cart,delete_item,replace_item,checkout
under kathe please,make_order,view_order,clear_cart,delete_item,replace_item,checkout
you should have it under missy,make_order,view_order,clear_cart,delete_item,replace_item,checkout
under coriss,make_order,view_order,clear_cart,delete_item,replace_item,checkout
we've booked using family name malynda,make_order,view_order,clear_cart,delete_item,replace_item,checkout
our crew's family surname is noted as ciel,make_order,view_order,clear_cart,delete_item,replace_item,checkout
please check for krissy mellicent,make_order,view_order,clear_cart,delete_item,replace_item,checkout
you'll see it under maire,make_order,view_order,clear_cart,delete_item,replace_item,checkout
the last name to look for is alicea,make_order,view_order,clear_cart,delete_item,replace_item,checkout
we've given our family surname as shelley,make_order,view_order,clear_cart,delete_item,replace_item,checkout
look up our last name beatrice,make_order,view_order,clear_cart,delete_item,replace_item,checkout
our booking's last name is liuka,make_order,view_order,clear_cart,delete_item,replace_item,checkout
look up our surname ronda,make_order,view_order,clear_cart,delete_item,replace_item,checkout
we're booked with last name teresa,make_order,view_order,clear_cart,delete_item,replace_item,checkout
our party's last name is jaine,make_order,view_order,clear_cart,delete_item,replace_item,checkout
i believe it's loleta,make_order,view_order,clear_cart,delete_item,replace_item,checkout
we've given the surname christiana,make_order,view_order,clear_cart,delete_item,replace_item,checkout
we're listed with the surname hanni,make_order,view_order,clear_cart,delete_item,replace_item,checkout
our name is sharona,make_order,view_order,clear_cart,delete_item,replace_item,checkout
check the name sibel imogene,make_order,view_order,clear_cart,delete_item,replace_item,checkout
how about roselia please,make_order,view_order,clear_cart,delete_item,replace_item,checkout
the surname we're using is amargo,make_order,view_order,clear_cart,delete_item,replace_item,checkout
look under cris,make_order,view_order,clear_cart,delete_item,replace_item,checkout
the family surname is lila,make_order,view_order,clear_cart,delete_item,replace_item,checkout
check for my name cyb meghann,make_order,view_order,clear_cart,delete_item,replace_item,checkout
check under jaymee kellina,make_order,view_order,clear_cart,delete_item,replace_item,checkout
put it under stafani,make_order,view_order,clear_cart,delete_item,replace_item,checkout
you'll find it listed as maybelle melli,make_order,view_order,clear_cart,delete_item,replace_item,checkout
our posse's surname is mariquilla,make_order,view_order,clear_cart,delete_item,replace_item,checkout
the surname we're using tonight is melamie,make_order,view_order,clear_cart,delete_item,replace_item,checkout
the last name for our reservation is nissa,make_order,view_order,clear_cart,delete_item,replace_item,checkout
look for the surname jessika for us,make_order,view_order,clear_cart,delete_item,replace_item,checkout
find us under the family name theressa,make_order,view_order,clear_cart,delete_item,replace_item,checkout
you'll find it under lulu giacinta,make_order,view_order,clear_cart,delete_item,replace_item,checkout
do it for aime myrtie please,make_order,view_order,clear_cart,delete_item,replace_item,checkout
put it for star,make_order,view_order,clear_cart,delete_item,replace_item,checkout
make it linea mariann please,make_order,view_order,clear_cart,delete_item,replace_item,checkout
make it for eugenia madelle please,make_order,view_order,clear_cart,delete_item,replace_item,checkout
it will be for meara ashly please,make_order,view_order,clear_cart,delete_item,replace_item,checkout
check for our last name alla in your books,make_order,view_order,clear_cart,delete_item,replace_item,checkout
i think it's under valida,make_order,view_order,clear_cart,delete_item,replace_item,checkout
put it under katrina hinda please,make_order,view_order,clear_cart,delete_item,replace_item,checkout
you'll find our last name as nikkie,make_order,view_order,clear_cart,delete_item,replace_item,checkout
it's under carlina for dinner,make_order,view_order,clear_cart,delete_item,replace_item,checkout
find our last name stephani in your reservation list,make_order,view_order,clear_cart,delete_item,replace_item,checkout
find the name aurie,make_order,view_order,clear_cart,delete_item,replace_item,checkout
try looking for rubetta katusha,make_order,view_order,clear_cart,delete_item,replace_item,checkout
you'll see it under nelle flossi,make_order,view_order,clear_cart,delete_item,replace_item,checkout
look for the name dodi cornelle,make_order,view_order,clear_cart,delete_item,replace_item,checkout
you should find it listed as bobine jessy,make_order,view_order,clear_cart,delete_item,replace_item,checkout
look up caril clemmy,make_order,view_order,clear_cart,delete_item,replace_item,checkout
you should see our family name florida,make_order,view_order,clear_cart,delete_item,replace_item,checkout
find the name janetta dallas,make_order,view_order,clear_cart,delete_item,replace_item,checkout
it will be for odette please,make_order,view_order,clear_cart,delete_item,replace_item,checkout
look for our surname celine,make_order,view_order,clear_cart,delete_item,replace_item,checkout
find us by our surname guillemette,make_order,view_order,clear_cart,delete_item,replace_item,checkout
find it under vi,make_order,view_order,clear_cart,delete_item,replace_item,checkout
please find it under matilde hatty,make_order,view_order,clear_cart,delete_item,replace_item,checkout
the reservation's under surname cassi,make_order,view_order,clear_cart,delete_item,replace_item,checkout
you'll see us under the last name nicolina,make_order,view_order,clear_cart,delete_item,replace_item,checkout
put it for nelli loree please,make_order,view_order,clear_cart,delete_item,replace_item,checkout
try my name karrah rochette,make_order,view_order,clear_cart,delete_item,replace_item,checkout
you should have it under rhody linea,make_order,view_order,clear_cart,delete_item,replace_item,checkout
beverly charlotte,make_order,view_order,clear_cart,delete_item,replace_item,checkout
the name is timmy agata,make_order,view_order,clear_cart,delete_item,replace_item,checkout
make it for maxi anthea please,make_order,view_order,clear_cart,delete_item,replace_item,checkout
it's listed under emmie,make_order,view_order,clear_cart,delete_item,replace_item,checkout
the last name for our reservation is grace,make_order,view_order,clear_cart,delete_item,replace_item,checkout
should be avie verena,make_order,view_order,clear_cart,delete_item,replace_item,checkout
we're booked under the surname shirlene,make_order,view_order,clear_cart,delete_item,replace_item,checkout
you should find our last name as malva,make_order,view_order,clear_cart,delete_item,replace_item,checkout
for angelita please,make_order,view_order,clear_cart,delete_item,replace_item,checkout
check for the name marketa maris,make_order,view_order,clear_cart,delete_item,replace_item,checkout
it's hollie jami,make_order,view_order,clear_cart,delete_item,replace_item,checkout
check for our last name cassie in your books,make_order,view_order,clear_cart,delete_item,replace_item,checkout
i think it's under giulia,make_order,view_order,clear_cart,delete_item,replace_item,checkout
you should find louise danica,make_order,view_order,clear_cart,delete_item,replace_item,checkout
we're coming through with last name kelila,make_order,view_order,clear_cart,delete_item,replace_item,checkout
for codee bertine please,make_order,view_order,clear_cart,delete_item,replace_item,checkout
check the name phil flss,make_order,view_order,clear_cart,delete_item,replace_item,checkout
you should find it listed as dollie,make_order,view_order,clear_cart,delete_item,replace_item,checkout
we're listed under the name debi,make_order,view_order,clear_cart,delete_item,replace_item,checkout
we've booked under family name merna,make_order,view_order,clear_cart,delete_item,replace_item,checkout
you should find us under last name sibelle,make_order,view_order,clear_cart,delete_item,replace_item,checkout
check for my name mirna britta,make_order,view_order,clear_cart,delete_item,replace_item,checkout
we've booked using last name camellia,make_order,view_order,clear_cart,delete_item,replace_item,checkout
it is made under ingunna noreen,make_order,view_order,clear_cart,delete_item,replace_item,checkout
you should find the last name georgette there,make_order,view_order,clear_cart,delete_item,replace_item,checkout
please look up licha,make_order,view_order,clear_cart,delete_item,replace_item,checkout
please find it under felicle george,make_order,view_order,clear_cart,delete_item,replace_item,checkout
the gang's last name is pier,make_order,view_order,clear_cart,delete_item,replace_item,checkout
sure it's eba,make_order,view_order,clear_cart,delete_item,replace_item,checkout
our team's family name is recorded as eddie,make_order,view_order,clear_cart,delete_item,replace_item,checkout
you'll find the surname lauren there,make_order,view_order,clear_cart,delete_item,replace_item,checkout
it will be for dyana jo please,make_order,view_order,clear_cart,delete_item,replace_item,checkout
we've used the family name heddie for booking,make_order,view_order,clear_cart,delete_item,replace_item,checkout
our group's last name is larissa,make_order,view_order,clear_cart,delete_item,replace_item,checkout
i think it's under donelle jennee,make_order,view_order,clear_cart,delete_item,replace_item,checkout
you'll find us under the surname josepha,make_order,view_order,clear_cart,delete_item,replace_item,checkout
you'll see it under debor charla,make_order,view_order,clear_cart,delete_item,replace_item,checkout
it should be under anette,make_order,view_order,clear_cart,delete_item,replace_item,checkout
should be under the name of claudetta,make_order,view_order,clear_cart,delete_item,replace_item,checkout
it's mirabella,make_order,view_order,clear_cart,delete_item,replace_item,checkout
check for barbara-anne lethia,make_order,view_order,clear_cart,delete_item,replace_item,checkout
look for our last name bobina in your system,make_order,view_order,clear_cart,delete_item,replace_item,checkout
lets do estella please,make_order,view_order,clear_cart,delete_item,replace_item,checkout
