we've put our last name down as laraine,reservation,order
the squad's family name is ange,reservation,order
check the name andree marlyn,reservation,order
look for our family name alta in your system,reservation,order
it will be for rakel,reservation,order
find us under the family name miriam,reservation,order
yeah it's idaline,reservation,order
we're rolling in with last name bette-ann,reservation,order
it's under the name agnes,reservation,order
search for the family name biddie,reservation,order
you'll see the surname malanie listed,reservation,order
it might be under annecorinne norma,reservation,order
you'll see it listed under binni,reservation,order
it is made under bili,reservation,order
it should be under brigit faith,reservation,order
check for the family name sonny,reservation,order
do it for kiah catherine please,reservation,order
our crew's surname is bridgette,reservation,order
for mariellen,reservation,order
try fiann,reservation,order
we're listed under the last name karia,reservation,order
it's lian i believe,reservation,order
put it under candice jessamine please,reservation,order
it's listed under camille,reservation,order
look up carita courtenay,reservation,order
make it irma jourdan,reservation,order
please look for the name melita,reservation,order
for jacquelynn alanah,reservation,order
it will be for consuela please,reservation,order
we've used the family surname tarrah,reservation,order
you should spot the family name donnamarie,reservation,order
you'll find our family name as jobie,reservation,order
make it for corrine,reservation,order
look up the name vickie,reservation,order
find the name laina,reservation,order
we've given the family name fran,reservation,order
put it for sena please,reservation,order
put it for celia wenda,reservation,order
my name is joanie grazia,reservation,order
we're coming through with family surname shawn,reservation,order
look for the name bibby,reservation,order
please look up bren bab,reservation,order
try checking for chrystal,reservation,order
i made it under sonnnie nedda,reservation,order
we're listed under elisabeth luci,reservation,order
please look for the name anthea bell,reservation,order
under tatum polly,reservation,order
you should spot the surname dynah for our group,reservation,order
michal sal,reservation,order
we're coming in under surname robin,reservation,order
it might be under shaun,reservation,order
you'll find our last name listed as fanchette,reservation,order
you'll spot us under family surname stace,reservation,order
under esmaria,reservation,order
you should have it under thomasin,reservation,order
try evangeline gaye,reservation,order
search for our family surname chantal,reservation,order
the surname we're using is kassia,reservation,order
the clan's last name is tisha,reservation,order
look up our family surname roxine in your system,reservation,order
lets do cinnamon please,reservation,order
the surname we're using tonight is karola,reservation,order
our family name is caressa,reservation,order
you'll find the surname gabbi there,reservation,order
our name is marguerite bidget,reservation,order
how about jere please,reservation,order
we're under lishe,reservation,order
please check for ilyssa,reservation,order
it is made under julie maiga,reservation,order
put it under noelani tabby,reservation,order
we're coming in with last name melly,reservation,order
we're coming in under last name rayshell,reservation,order
please check for aveline shandeigh,reservation,order
look for honor darryl,reservation,order
check under edythe ketty,reservation,order
the name should be myriam tootsie,reservation,order
our team's family surname is viviana,reservation,order
its listed under the name eddy maddy,reservation,order
we've given the surname sada,reservation,order
the family name you're after is abagail,reservation,order
please check the name almeta,reservation,order
find the name bertina gretchen,reservation,order
should be cal reta,reservation,order
you'll find us under the surname orsa,reservation,order
our group's family name is margot,reservation,order
our party's family name is kylynn,reservation,order
we've used the family name lucilia for booking,reservation,order
please look up stevana,reservation,order
you should see our family name riannon,reservation,order
our clan's last name is pearl,reservation,order
our name is reeva,reservation,order
check for the name phillie ginnifer,reservation,order
look for the surname camile,reservation,order
how about roxie sondra,reservation,order
look under cacilia,reservation,order
it should be under phaidra,reservation,order
our tribe's surname is written as bert,reservation,order
you'll find our last name as dulcie,reservation,order
our last name's written as cristin,reservation,order
the crew's surname we gave is zabrina,reservation,order
our group's last name is listed as alyda,reservation,order
sure it's emilee,reservation,order
name should be shea karlie,reservation,order
yeah it's con celka,reservation,order
the posse's last name is written down as fayre,reservation,order
you should find our last name as fannie,reservation,order
our group's last name is mathilda,reservation,order
look under livia nikolia,reservation,order
we've registered our family name as caprice,reservation,order
our reservation's surname is susi,reservation,order
make it for leah please,reservation,order
try finding emlynn,reservation,order
i'm pammy,reservation,order
you'll see it under letisha pauline,reservation,order
the last name to look for is yasmeen,reservation,order
it's rianon hyacinthia,reservation,order
look for teresina,reservation,order
its listed under the name wendye,reservation,order
my name is vanny liv please,reservation,order
find it under the name cati,reservation,order
look up the name jannel leanora,reservation,order
the name to look for is emalee,reservation,order
how about wileen adrian please,reservation,order
check for the name adriena,reservation,order
find it under the name lauryn cloe,reservation,order
check the name angy,reservation,order
i think it's listed under atlante,reservation,order
look for the family name thia,reservation,order
i believe it's under breanne,reservation,order
do it for britney,reservation,order
check for our last name annetta,reservation,order
put it under antonietta,reservation,order
i believe it's chloris roslyn,reservation,order
you'll find it under alyda,reservation,order
we've put down the family name kaila,reservation,order
look up our family name tiffie please,reservation,order
search for our last name roby in your records,reservation,order
our crew's last name is amye,reservation,order
should be under gracie,reservation,order
we're under marni lynett,reservation,order
you'll see us under the last name tamara,reservation,order
look up my name michaelina,reservation,order
look up our family name selle,reservation,order
we've booked under family name sindee,reservation,order
we've put down our last name as paolina,reservation,order
name should be lorain,reservation,order
you'll find it listed as patricia,reservation,order
under ardene please,reservation,order
we're booked under the surname zea,reservation,order
put it for suzie corabella please,reservation,order
our table's booked under last name randi,reservation,order
i believe it's nell,reservation,order
we've given the last name wendeline,reservation,order
check the name kellina,reservation,order
make it zita sissy please,reservation,order
our posse's surname is alameda,reservation,order
we have it under effie,reservation,order
we have it under rozina olwen,reservation,order
the family surname we're using is johnette,reservation,order
you'll spot our last name as rowe,reservation,order
check for our surname zahara,reservation,order
look up my name nan kara-lynn,reservation,order
put it for dodie,reservation,order
the name should be natty,reservation,order
should be under adelice ariana,reservation,order
find our surname melina,reservation,order
the surname you're looking for is wilie,reservation,order
it's sophi,reservation,order
make it for ashlee matilda please,reservation,order
you should have it under jemimah gabriela,reservation,order
the crew's surname is shelby,reservation,order
try looking for joby marta,reservation,order
search for the surname merci,reservation,order
check for lela juline,reservation,order
we've booked using last name lanni,reservation,order
please find it under eadith,reservation,order
we're listed under last name shayla,reservation,order
look up devina,reservation,order
it will be for rachael candice,reservation,order
we've booked using family name rochell,reservation,order
try the name sibeal,reservation,order
it's dani elnore i believe,reservation,order
our party's last name is lynnett,reservation,order
please check the name adore lorenza,reservation,order
you'll see the last name ellette listed,reservation,order
you'll find us under the surname ira,reservation,order
lets do antonetta dixie,reservation,order
i think it's under donny,reservation,order
the reservation's surname is randa,reservation,order
check for the name francesca,reservation,order
how about renie,reservation,order
under henrietta charlot please,reservation,order
you should find kizzie stacia,reservation,order
we're registered under family name tami,reservation,order
look up the surname adina for our group,reservation,order
doris please,reservation,order
my name is rowe please,reservation,order
we've got the family name amberly,reservation,order
it's tybie for tonight,reservation,order
the family name we gave was gustie,reservation,order
the squad's last name should be listed as fallon,reservation,order
it's ellen ardine for tonight,reservation,order
you can find it under beatriz,reservation,order
you'll find it listed as lurlene melania,reservation,order
check for lethia,reservation,order
you should find lynne,reservation,order
our tribe's last name is katya,reservation,order
we're rolling in with family name patricia,reservation,order
check for my name hollyanne caritta,reservation,order
sure it's ricky cathe,reservation,order
i believe it's under lynea kathlin,reservation,order
check under the family name meara,reservation,order
for tarra please,reservation,order
you should see the surname tiffany there,reservation,order
find it under maddi em,reservation,order
look up our surname brit,reservation,order
we've registered under last name raychel,reservation,order
you'll see it under tania,reservation,order
our team's family name is recorded as sheela,reservation,order
you'll see us under family name anatola,reservation,order
you can find it under marji jacenta,reservation,order
you should find it listed as bette,reservation,order
you should see our surname as jilli,reservation,order
look up the surname aurelia for us,reservation,order
please check for reggi clerissa,reservation,order
make it marisa,reservation,order
please check under sharai,reservation,order
we're coming through with last name carole,reservation,order
we're listed under the name tiff,reservation,order
our crew's family surname is noted as corabelle,reservation,order
check for our last name cynde in your books,reservation,order
i made it under lila,reservation,order
make it thea please,reservation,order
look up our last name issie,reservation,order
the gang's last name is calli,reservation,order
try checking for bonni lark,reservation,order
we've registered with family name jennine,reservation,order
i'm odessa sherrie,reservation,order
check the name coleen barbra,reservation,order
the last name for our reservation is melisse,reservation,order
you should find it listed as nanine kelly,reservation,order
should be dehlia,reservation,order
do it for emelda tildi,reservation,order
we're listed under mozelle,reservation,order
you should find us under last name chloris,reservation,order
it's listed under susette nicky,reservation,order
the reservation surname is leigha,reservation,order
we've given our family surname as salaidh,reservation,order
make it for dniren pansy,reservation,order
check for the name denys minnnie,reservation,order
try my name nadine buffy,reservation,order
the gang's family name should be alverta,reservation,order
lets do glen,reservation,order
the squad's last name is mariellen,reservation,order
our booking's last name is sandra,reservation,order
our posse's last name is dory,reservation,order
i think it's listed under aurel sharron,reservation,order
check our family name dulciana,reservation,order
for bernadine suzie please,reservation,order
our tribe's family name is consolata,reservation,order
it's under laurel zorah for dinner,reservation,order
please find it under berni jeane,reservation,order
it will be for perle darb please,reservation,order
try my name emeline,reservation,order
search for our last name elga,reservation,order
the family surname is charin,reservation,order
we're booked with last name drusie,reservation,order
should be under the name of rubina,reservation,order
try finding valene roxi,reservation,order
find it under ebonee,reservation,order
my name is abbie,reservation,order
the name is rona sheri,reservation,order
the name to look for is ariela elysee,reservation,order
look for the name flor taffy,reservation,order
check for our family name bee,reservation,order
the reservation's under surname ariadne,reservation,order
sallie,reservation,order
lets do clo zsa zsa please,reservation,order
you should find the last name kimbra there,reservation,order
try the name fayth kally,reservation,order
we've booked under the last name laurie,reservation,order
the surname for our group is kevina,reservation,order
the last name we're using is katine,reservation,order
look for our last name brear in your system,reservation,order
look for the surname lydie for us,reservation,order
our reservation's last name is dedra,reservation,order
please check under ros karylin,reservation,order
find our last name deni in your reservation list,reservation,order
we're listed under the name fredra aurlie,reservation,order
you'll find it under lainey myrtle,reservation,order
the name is trude,reservation,order
you should have it under adoree,reservation,order
the gang's family name is leonie,reservation,order
you'll see it listed under marley lesly,reservation,order
do it for valry please,reservation,order
here's our last name its neilla,reservation,order
look for our surname bunni,reservation,order
check for my name claudette,reservation,order
our party's last name should be arline,reservation,order
check for the last name megan,reservation,order
it's under cary for dinner,reservation,order
try looking for andromache,reservation,order
put it under cody please,reservation,order
we've used the surname dolley,reservation,order
we're listed with the surname kaycee,reservation,order
it's under the name fredrika amelie,reservation,order
should be under the name of barbi heda,reservation,order
check for our surname leodora in your files,reservation,order
please check for della,reservation,order
i think it's under harmonia albina,reservation,order
marcile vicki please,reservation,order
check under alysia,reservation,order
find us by our surname rana,reservation,order
our team's last name is madeleine,reservation,order
we're using the last name lauraine,reservation,order
you should have it under jackquelin fredericka,reservation,order
look for our family surname nerissa,reservation,order
the clan's family surname is karlotte,reservation,order
we've registered with surname amalle,reservation,order
we're listed under the name seline elli,reservation,order
it is made under aidan,reservation,order
we have it under marijo marianna,reservation,order
we've registered with surname gwendolyn,reservation,order
we're listed under the name carmine,reservation,order
how about truda ardis please,reservation,order
it's didi for tonight,reservation,order
make it jacklyn kali,reservation,order
look up our last name else,reservation,order
i think it's listed under verile,reservation,order
we've given the family name rosanne,reservation,order
check for the last name dorice,reservation,order
our team's family name is recorded as lilith,reservation,order
look up our family surname melisande in your system,reservation,order
i'm aimil,reservation,order
look up valerie sephira,reservation,order
you'll find it under christina elfrieda,reservation,order
check for the name sheena kiele,reservation,order
please look for the name petrina,reservation,order
check for charmion,reservation,order
you'll find us under the surname ilise,reservation,order
check for our surname nettie,reservation,order
for gaby daryn please,reservation,order
find it under shanna kerrin,reservation,order
how about crissie nelly,reservation,order
put it under celie lori,reservation,order
we've put our last name down as brenna,reservation,order
our name is laurene ileane,reservation,order
we've put down the family name yetta,reservation,order
should be under kailey haily,reservation,order
try the name ophelia codie,reservation,order
look for the family name rikki,reservation,order
make it jeannette,reservation,order
i think it's listed under latrena lilyan,reservation,order
it will be for ronny please,reservation,order
check for my name chrissy tatiania,reservation,order
it will be for christalle,reservation,order
it's listed under perrine helenka,reservation,order
the reservation's surname is peggi,reservation,order
please check for misti lynnette,reservation,order
check for our surname libbie in your files,reservation,order
veronike please,reservation,order
look for the surname evangeline for us,reservation,order
look for the name jesselyn,reservation,order
the family surname is melany,reservation,order
we're coming through with family surname dode,reservation,order
look up our family name glennie please,reservation,order
search for the family name atalanta,reservation,order
look for our surname evita,reservation,order
find us under the family name dasi,reservation,order
check our family name kippy,reservation,order
look under willetta,reservation,order
the surname for our group is tabbitha,reservation,order
you'll spot our last name as joly,reservation,order
you should have it under jacklin,reservation,order
we've got the family name adara,reservation,order
check under the family name robena,reservation,order
our party's last name should be wren,reservation,order
our team's family surname is gnni,reservation,order
we're booked with last name winna,reservation,order
please check the name jammie ophelia,reservation,order
look up the name merla,reservation,order
it might be under aloysia adey,reservation,order
look for the surname cassaundra,reservation,order
we've booked under the last name goldi,reservation,order
look for our family surname eadie,reservation,order
you should find our last name as malena,reservation,order
the name to look for is sorcha gloriana,reservation,order
yeah it's clair,reservation,order
the name should be courtenay shaina,reservation,order
under rena ebba,reservation,order
you'll find our family name as melanie,reservation,order
look for cherilynn moreen,reservation,order
krista,reservation,order
do it for sarina please,reservation,order
you'll see it under helli,reservation,order
do it for peggie,reservation,order
i think it's under chrysa marietta,reservation,order
put it under francine,reservation,order
the gang's last name is deeyn,reservation,order
you'll see it listed under valeria dorrie,reservation,order
you should find it listed as paige rici,reservation,order
my name is meg please,reservation,order
it's under becka darcy for dinner,reservation,order
our last name's written as kiri,reservation,order
try my name tova lucie,reservation,order
our group's last name is listed as patrice,reservation,order
here's our last name its elisabet,reservation,order
the squad's family name is emlynn,reservation,order
i believe it's katalin,reservation,order
we've registered our family name as carrissa,reservation,order
you should find the last name nollie there,reservation,order
check the name dorie,reservation,order
under elvera,reservation,order
you'll spot us under family surname alayne,reservation,order
try finding gilemette lyndell,reservation,order
try barbe,reservation,order
look up the surname rosmunda for our group,reservation,order
find us by our surname hulda,reservation,order
you should have it under cthrine filippa,reservation,order
it is made under sheelagh rebecca,reservation,order
find the name rhona,reservation,order
i think it's under meridel,reservation,order
you should find it listed as annetta,reservation,order
look up aryn,reservation,order
we're listed with the surname othelia,reservation,order
the name is peta,reservation,order
it might be under nerty,reservation,order
please check the name lissa,reservation,order
it will be for belle lulu please,reservation,order
i made it under selle,reservation,order
our team's last name is dyane,reservation,order
try finding franni,reservation,order
how about beth please,reservation,order
we're listed under norry,reservation,order
put it for pat please,reservation,order
our crew's family surname is noted as clare,reservation,order
it should be under joete,reservation,order
we're under lira,reservation,order
do it for magdalena crista,reservation,order
we've booked using family name jania,reservation,order
you should find melina,reservation,order
we're coming in under last name laurianne,reservation,order
we've given the last name maryann,reservation,order
we're using the last name meridel,reservation,order
yeah it's sasha mollee,reservation,order
make it for cassandra vally,reservation,order
our tribe's family name is rosy,reservation,order
under almeria sophie please,reservation,order
i'm lyn rachele,reservation,order
our crew's surname is claudette,reservation,order
it will be for ardelis jeanna,reservation,order
we're rolling in with last name dre,reservation,order
please check under ethelda,reservation,order
find it under darcie,reservation,order
try paulina kata,reservation,order
you'll find our last name listed as estelle,reservation,order
our table's booked under last name edith,reservation,order
the last name for our reservation is margalit,reservation,order
it's franky,reservation,order
the surname we're using is colline,reservation,order
try looking for lexie jordana,reservation,order
look up my name nancie,reservation,order
the surname you're looking for is lianne,reservation,order
our booking's last name is ginnie,reservation,order
we're coming through with last name malorie,reservation,order
our posse's surname is rosita,reservation,order
the crew's surname we gave is belita,reservation,order
search for the surname brittani,reservation,order
look up our surname dell,reservation,order
you'll see the surname oriana listed,reservation,order
the name should be stephana,reservation,order
you should have it under ingeberg damaris,reservation,order
you'll see us under family name dareen,reservation,order
check under emmye,reservation,order
look for our family name michelle in your system,reservation,order
the squad's last name should be listed as bridget,reservation,order
check for the name anica,reservation,order
we've used the family name brinna for booking,reservation,order
for roxi,reservation,order
try checking for tybi,reservation,order
it should be under roseann perrine,reservation,order
you'll find the surname meghan there,reservation,order
lets do goldi jess,reservation,order
the name to look for is brynne,reservation,order
our reservation's surname is louisa,reservation,order
seana kala,reservation,order
you should find us under last name rosamund,reservation,order
how about janelle,reservation,order
you'll see it under ardath concordia,reservation,order
try checking for betsy audi,reservation,order
the posse's last name is written down as vivyan,reservation,order
the crew's surname is esmaria,reservation,order
we've given the surname krysta,reservation,order
it's under pandora for dinner,reservation,order
look up our family name keelia,reservation,order
look up my name georgine carlie,reservation,order
our posse's last name is kerrill,reservation,order
you can find it under kelley evania,reservation,order
it's listed under aleda,reservation,order
lets do mignonne please,reservation,order
my name is mora rosella,reservation,order
look up the surname delly for us,reservation,order
try looking for charisse,reservation,order
find it under the name jorie becka,reservation,order
our tribe's surname is written as bernetta,reservation,order
try the name binnie,reservation,order
our crew's last name is valera,reservation,order
we've registered with family name fayth,reservation,order
check for our last name tim,reservation,order
make it maurine thomasina please,reservation,order
you should see our surname as susanna,reservation,order
my name is nesta,reservation,order
should be kally alleen,reservation,order
should be under lilias,reservation,order
find our last name brittney in your reservation list,reservation,order
please find it under genevra nannie,reservation,order
check for the family name kessia,reservation,order
lets do flss jermaine please,reservation,order
its listed under the name leodora,reservation,order
i believe it's caro ernestine,reservation,order
the clan's last name is lorraine,reservation,order
daria annnora please,reservation,order
we're coming in under surname elene,reservation,order
our tribe's last name is dorie,reservation,order
we're listed under last name ingeborg,reservation,order
our group's last name is ortensia,reservation,order
you should see our family name felisha,reservation,order
you'll find it listed as minda shena,reservation,order
we've used the family surname merissa,reservation,order
you'll find our last name as anastassia,reservation,order
search for our last name adrianna in your records,reservation,order
the reservation's under surname rebbecca,reservation,order
should be under the name of merci sella,reservation,order
sure it's tani,reservation,order
it's lindi gina i believe,reservation,order
the name is vivienne reyna,reservation,order
the clan's family surname is jemimah,reservation,order
please check for isabel,reservation,order
please look up jenilee gillian,reservation,order
check for sunshine leoine,reservation,order
check for our family name rhoda,reservation,order
make it for pet,reservation,order
sure it's gerta anestassia,reservation,order
please check for jessamyn,reservation,order
we have it under vanda,reservation,order
search for our last name cyb,reservation,order
put it for valery trixy,reservation,order
it's irita petronilla for tonight,reservation,order
we're rolling in with family name irita,reservation,order
my name is reena paula please,reservation,order
you can find it under maitilde,reservation,order
the squad's last name is chlo,reservation,order
put it for dody,reservation,order
should be merl,reservation,order
check under christye wylma,reservation,order
we're coming in with last name fancie,reservation,order
our name is blithe,reservation,order
our party's last name is lanae,reservation,order
check for my name emogene,reservation,order
it's luciana i believe,reservation,order
do it for cecilla lorine please,reservation,order
try my name morgana,reservation,order
name should be halie,reservation,order
the surname we're using tonight is maryellen,reservation,order
our clan's last name is sarette,reservation,order
please find it under jerrie,reservation,order
put it under conchita arlana please,reservation,order
check the name ranna letta,reservation,order
we're registered under family name elisha,reservation,order
we're listed under shela nelie,reservation,order
our family name is loreen,reservation,order
we're under ally patti,reservation,order
look under sandy ettie,reservation,order
please look for the name joellen tana,reservation,order
find our surname jacky,reservation,order
you should see the surname nat there,reservation,order
you'll see us under the last name germana,reservation,order
under gabriela please,reservation,order
it's modestine marne,reservation,order
our reservation's last name is farah,reservation,order
we've put down our last name as arabella,reservation,order
you'll find it listed as zola,reservation,order
should be under the name of celine,reservation,order
make it for denni please,reservation,order
you should spot the surname eada for our group,reservation,order
check for the name lavinie holli,reservation,order
we've used the surname mirelle,reservation,order
we're listed under the last name rachael,reservation,order
look for our last name tamarah in your system,reservation,order
check for our last name diane in your books,reservation,order
you'll see it listed under opalina,reservation,order
please check for zonnya fidelia,reservation,order
name should be janice marcie,reservation,order
put it for kelcey jerrylee please,reservation,order
the gang's family name is otha,reservation,order
you should have it under niki,reservation,order
we've booked under family name faustina,reservation,order
check the name dorree,reservation,order
our party's family name is dani,reservation,order
you'll find us under the surname aubine,reservation,order
make it britt please,reservation,order
the last name to look for is ethelyn,reservation,order
i made it under bobbie cacilia,reservation,order
put it under rebbecca please,reservation,order
you'll find it under orel,reservation,order
for yasmin misty,reservation,order
we've registered under last name ginny,reservation,order
please look up kipp,reservation,order
check for the name vicki,reservation,order
we've booked using last name gilligan,reservation,order
find the name bonita josselyn,reservation,order
the reservation surname is marjorie,reservation,order
its listed under the name muire odelia,reservation,order
our group's family name is katha,reservation,order
the gang's family name should be sheree,reservation,order
i believe it's under dorris calley,reservation,order
make it for monah alecia please,reservation,order
check the name berry geri,reservation,order
for florry please,reservation,order
the family name you're after is ethel,reservation,order
please check under isabelita maryrose,reservation,order
the family name we gave was bennie,reservation,order
lets do kelila,reservation,order
look for cassy,reservation,order
you should find crysta arabela,reservation,order
search for our family surname tammara,reservation,order
we're booked under the surname cathlene,reservation,order
the family surname we're using is estele,reservation,order
we've given our family surname as daffy,reservation,order
you'll see the last name agnes listed,reservation,order
look up the name roseanna sidonnie,reservation,order
the last name we're using is cassandra,reservation,order
it's under the name yvonne,reservation,order
you should spot the family name giorgia,reservation,order
look for the name amelia golda,reservation,order
find it under the name melessa,reservation,order
it's under the name marylin ellene,reservation,order
i believe it's under lorelei,reservation,order
please look for the name vivien cilka,reservation,order
check for our last name lorry,reservation,order
you'll see us under family name rina,reservation,order
our group's last name is kaleena,reservation,order
check for chelsie,reservation,order
please check under aviva cherry,reservation,order
under alex nellie please,reservation,order
check for the name mignon desiri,reservation,order
look up the surname ardra for us,reservation,order
look up caryl,reservation,order
search for our family surname lyda,reservation,order
you should have it under verine anne,reservation,order
look for our family surname jessie,reservation,order
try finding demeter perry,reservation,order
you'll see it listed under marie-ann marilyn,reservation,order
we're coming through with last name sioux,reservation,order
we've registered with family name nichole,reservation,order
we've booked under family name cinderella,reservation,order
you'll find it listed as joana,reservation,order
make it sonia tamarra,reservation,order
please look up patti leonore,reservation,order
its listed under the name valera rozella,reservation,order
look for the family name wanids,reservation,order
check for the name briana,reservation,order
we're coming in with last name layney,reservation,order
search for the surname pavia,reservation,order
the clan's family surname is theadora,reservation,order
our tribe's last name is tildy,reservation,order
we've registered with surname sherilyn,reservation,order
tess please,reservation,order
you should find uta wynny,reservation,order
we've given the last name caron,reservation,order
it's listed under myrah merry,reservation,order
for sande lucienne,reservation,order
the reservation surname is gerty,reservation,order
we're listed under the last name tanya,reservation,order
should be under elspeth vera,reservation,order
i believe it's under ethelin vivie,reservation,order
put it under sheeree please,reservation,order
we're rolling in with family name gleda,reservation,order
you'll find it under letta,reservation,order
it is made under marylynne,reservation,order
the gang's last name is lil,reservation,order
our tribe's surname is written as giselle,reservation,order
you'll find us under the surname blair,reservation,order
you should find us under last name ladonna,reservation,order
it's anne-marie,reservation,order
search for our last name cathy,reservation,order
please look up allie,reservation,order
make it rosanne,reservation,order
you should spot the surname sibley for our group,reservation,order
look for the surname amii,reservation,order
our reservation's last name is raphaela,reservation,order
my name is twila lorna,reservation,order
check the name marilee lauralee,reservation,order
it might be under babara,reservation,order
please check for doralia,reservation,order
our crew's surname is livy,reservation,order
find it under the name keslie georgia,reservation,order
look up the name shaylyn dominique,reservation,order
you should see our surname as jesselyn,reservation,order
lets do alla sari,reservation,order
our tribe's family name is carin,reservation,order
do it for vivi,reservation,order
look up the surname margareta for our group,reservation,order
it is made under debora perri,reservation,order
i'm harriet,reservation,order
sure it's rafa jolyn,reservation,order
check for dasi miranda,reservation,order
it's under the name wenonah mela,reservation,order
how about shana anabelle please,reservation,order
make it giovanna please,reservation,order
try kati,reservation,order
our team's family name is recorded as brietta,reservation,order
try finding georgina,reservation,order
you'll see the surname claudelle listed,reservation,order
i believe it's under rahal,reservation,order
try the name karisa roch,reservation,order
look up my name lyndsey coraline,reservation,order
the posse's last name is written down as jori,reservation,order
you can find it under rhonda,reservation,order
my name is clotilda dagmar please,reservation,order
we're rolling in with last name chloe,reservation,order
check under the family name netty,reservation,order
should be under celestyna,reservation,order
look up our family surname sile in your system,reservation,order
do it for shandee please,reservation,order
lets do kasey please,reservation,order
try madel deloris,reservation,order
look for our family name johanna in your system,reservation,order
the name to look for is devora evangelin,reservation,order
please check for dottie,reservation,order
the name is carolann,reservation,order
the family name we gave was danyette,reservation,order
our table's booked under last name zorina,reservation,order
find our surname marylee,reservation,order
you'll spot us under family surname mehetabel,reservation,order
name should be alida,reservation,order
put it for daryl kassie,reservation,order
i think it's listed under rivi sandi,reservation,order
you'll find the surname naoma there,reservation,order
the name should be lorena,reservation,order
we're under fern bernita,reservation,order
for lonee jerry please,reservation,order
it's under the name loreen,reservation,order
look under tommie nanni,reservation,order
the squad's last name should be listed as barry,reservation,order
we're listed under the name danika,reservation,order
our party's last name should be fionna,reservation,order
check for the last name janenna,reservation,order
it's row for tonight,reservation,order
it's eadie mora,reservation,order
check for our surname myrle in your files,reservation,order
our name is sidoney justine,reservation,order
we have it under allyson,reservation,order
check our family name carlynn,reservation,order
try the name dolly,reservation,order
check under steffie,reservation,order
check for the name adina,reservation,order
you should have it under mabel,reservation,order
check for the family name anitra,reservation,order
we're listed under the name letizia ericka,reservation,order
it's listed under maurene,reservation,order
shani,reservation,order
we've put down the family name anne-marie,reservation,order
should be under the name of reina drusi,reservation,order
try checking for lauren,reservation,order
we've used the family name jenifer for booking,reservation,order
my name is merrili please,reservation,order
you should spot the family name noni,reservation,order
our team's last name is tybie,reservation,order
here's our last name its tallie,reservation,order
the reservation's surname is eba,reservation,order
try my name cissiee,reservation,order
i think it's listed under vanessa,reservation,order
you'll see it listed under alana,reservation,order
the gang's family name should be gladi,reservation,order
our group's family name is lela,reservation,order
please check for caroline rochelle,reservation,order
you should find ezmeralda,reservation,order
make it for johnna phoebe,reservation,order
it might be under nessi shannah,reservation,order
please find it under alma,reservation,order
the surname for our group is elena,reservation,order
we're using the last name trula,reservation,order
our team's family surname is kaylil,reservation,order
the name is rose lissa,reservation,order
it will be for gavrielle ariella,reservation,order
the clan's last name is roxana,reservation,order
lets do fey jamima please,reservation,order
kari belia,reservation,order
for linda,reservation,order
we've put down our last name as eleanore,reservation,order
yeah it's jacquenette rasla,reservation,order
look for the name theda,reservation,order
look up our family name nike,reservation,order
make it for carolyne please,reservation,order
you'll find us under the surname lora,reservation,order
we're under irene,reservation,order
the crew's surname is avril,reservation,order
make it for ana,reservation,order
you should see the surname carlota there,reservation,order
please check under harlene,reservation,order
check for the name fifi henrietta,reservation,order
our posse's last name is nanci,reservation,order
our family name is rosabel,reservation,order
we have it under karena astrid,reservation,order
check for our surname shannon,reservation,order
yeah it's deloris,reservation,order
it's fionnula diana for tonight,reservation,order
the family surname we're using is gwenore,reservation,order
should be under the name of linnell,reservation,order
i made it under gina sorcha,reservation,order
look for grazia,reservation,order
put it under laureen trudi,reservation,order
our last name's written as janifer,reservation,order
our reservation's surname is cherie,reservation,order
i'm silvie birgitta,reservation,order
we're listed under malina,reservation,order
i made it under rina,reservation,order
should be essie,reservation,order
search for the family name cyndi,reservation,order
find it under lorine ingaborg,reservation,order
the name to look for is maia,reservation,order
find it under the name perl,reservation,order
sure it's carmita,reservation,order
the gang's family name is clotilda,reservation,order
we've used the family surname ros,reservation,order
for shirleen please,reservation,order
our party's family name is arden,reservation,order
you should find our last name as raine,reservation,order
we're registered under family name ashla,reservation,order
the crew's surname we gave is keri,reservation,order
please check the name fredelia livvyy,reservation,order
we're coming through with family surname lynn,reservation,order
our clan's last name is kitti,reservation,order
we're coming in under surname eartha,reservation,order
name should be dolorita katherina,reservation,order
its listed under the name deeyn,reservation,order
do it for laurie justina,reservation,order
look up my name shae,reservation,order
we've registered under last name lexi,reservation,order
we've booked under the last name emmalynne,reservation,order
it's valma i believe,reservation,order
we've booked using last name flora,reservation,order
look for our last name suzy in your system,reservation,order
we're listed under christabella paloma,reservation,order
please check the name kakalina,reservation,order
the squad's last name is darda,reservation,order
you can find it under sydelle trudy,reservation,order
the family name you're after is lenka,reservation,order
it should be under minnnie janene,reservation,order
look up the name carolina,reservation,order
the name should be vere nady,reservation,order
lets do tamara,reservation,order
you'll find our last name listed as dael,reservation,order
the last name we're using is eleni,reservation,order
you should find the last name cathryn there,reservation,order
we've used the surname estrellita,reservation,order
the surname you're looking for is twyla,reservation,order
it's doroteya talyah i believe,reservation,order
we're booked under the surname harri,reservation,order
i think it's under gwendolen celestia,reservation,order
it should be under jeanie,reservation,order
i believe it's karlen roshelle,reservation,order
you'll spot our last name as karry,reservation,order
check the name bellina,reservation,order
how about aurelea roze,reservation,order
we've put our last name down as bambie,reservation,order
we've got the family name antonella,reservation,order
my name is fannie,reservation,order
teriann dody please,reservation,order
put it for pauletta please,reservation,order
we're coming in under last name sofia,reservation,order
check for my name elayne,reservation,order
it will be for rene,reservation,order
try looking for kathryne,reservation,order
how about chiquia,reservation,order
we've given the family name vivianne,reservation,order
should be christin ainsley,reservation,order
check for our family name lorrin,reservation,order
please look for the name umeko,reservation,order
look for marcille dorisa,reservation,order
our crew's last name is deena,reservation,order
the squad's family name is brandi,reservation,order
check the name sapphira,reservation,order
you should find it listed as edwina,reservation,order
you'll see the last name brittan listed,reservation,order
we're listed under last name wendye,reservation,order
you'll find our family name as madella,reservation,order
it's under lexis lory for dinner,reservation,order
look up our family name ali please,reservation,order
under stephi valma,reservation,order
try checking for marika alyssa,reservation,order
our group's last name is listed as emelia,reservation,order
search for our last name clemence in your records,reservation,order
we've registered our family name as devinne,reservation,order
under kathe please,reservation,order
you should have it under missy,reservation,order
under coriss,reservation,order
we've booked using family name malynda,reservation,order
our crew's family surname is noted as ciel,reservation,order
please check for krissy mellicent,reservation,order
you'll see it under maire,reservation,order
the last name to look for is alicea,reservation,order
we've given our family surname as shelley,reservation,order
look up our last name beatrice,reservation,order
our booking's last name is liuka,reservation,order
look up our surname ronda,reservation,order
we're booked with last name teresa,reservation,order
our party's last name is jaine,reservation,order
i believe it's loleta,reservation,order
we've given the surname christiana,reservation,order
we're listed with the surname hanni,reservation,order
our name is sharona,reservation,order
check the name sibel imogene,reservation,order
how about roselia please,reservation,order
the surname we're using is amargo,reservation,order
look under cris,reservation,order
the family surname is lila,reservation,order
check for my name cyb meghann,reservation,order
check under jaymee kellina,reservation,order
put it under stafani,reservation,order
you'll find it listed as maybelle melli,reservation,order
our posse's surname is mariquilla,reservation,order
the surname we're using tonight is melamie,reservation,order
the last name for our reservation is nissa,reservation,order
look for the surname jessika for us,reservation,order
find us under the family name theressa,reservation,order
you'll find it under lulu giacinta,reservation,order
do it for aime myrtie please,reservation,order
put it for star,reservation,order
make it linea mariann please,reservation,order
make it for eugenia madelle please,reservation,order
it will be for meara ashly please,reservation,order
check for our last name alla in your books,reservation,order
i think it's under valida,reservation,order
put it under katrina hinda please,reservation,order
you'll find our last name as nikkie,reservation,order
it's under carlina for dinner,reservation,order
find our last name stephani in your reservation list,reservation,order
find the name aurie,reservation,order
try looking for rubetta katusha,reservation,order
you'll see it under nelle flossi,reservation,order
look for the name dodi cornelle,reservation,order
you should find it listed as bobine jessy,reservation,order
look up caril clemmy,reservation,order
you should see our family name florida,reservation,order
find the name janetta dallas,reservation,order
it will be for odette please,reservation,order
look for our surname celine,reservation,order
find us by our surname guillemette,reservation,order
find it under vi,reservation,order
please find it under matilde hatty,reservation,order
the reservation's under surname cassi,reservation,order
you'll see us under the last name nicolina,reservation,order
put it for nelli loree please,reservation,order
try my name karrah rochette,reservation,order
you should have it under rhody linea,reservation,order
beverly charlotte,reservation,order
the name is timmy agata,reservation,order
make it for maxi anthea please,reservation,order
it's listed under emmie,reservation,order
the last name for our reservation is grace,reservation,order
should be avie verena,reservation,order
we're booked under the surname shirlene,reservation,order
you should find our last name as malva,reservation,order
for angelita please,reservation,order
check for the name marketa maris,reservation,order
it's hollie jami,reservation,order
check for our last name cassie in your books,reservation,order
i think it's under giulia,reservation,order
you should find louise danica,reservation,order
we're coming through with last name kelila,reservation,order
for codee bertine please,reservation,order
check the name phil flss,reservation,order
you should find it listed as dollie,reservation,order
we're listed under the name debi,reservation,order
we've booked under family name merna,reservation,order
you should find us under last name sibelle,reservation,order
check for my name mirna britta,reservation,order
we've booked using last name camellia,reservation,order
it is made under ingunna noreen,reservation,order
you should find the last name georgette there,reservation,order
please look up licha,reservation,order
please find it under felicle george,reservation,order
the gang's last name is pier,reservation,order
sure it's eba,reservation,order
our team's family name is recorded as eddie,reservation,order
you'll find the surname lauren there,reservation,order
it will be for dyana jo please,reservation,order
we've used the family name heddie for booking,reservation,order
our group's last name is larissa,reservation,order
i think it's under donelle jennee,reservation,order
you'll find us under the surname josepha,reservation,order
you'll see it under debor charla,reservation,order
it should be under anette,reservation,order
should be under the name of claudetta,reservation,order
it's mirabella,reservation,order
check for barbara-anne lethia,reservation,order
look for our last name bobina in your system,reservation,order
lets do estella please,reservation,order