clear my order,clear_cart
can you empty my order,clear_cart
clear the entire order,clear_cart
clear everything in my order,clear_cart
clear all items and drinks from my order,clear_cart
clear my whole order,clear_cart
remove all items from my order,clear_cart
clear the order please,clear_cart
clear my order entirely,clear_cart
empty my order completely,clear_cart
empty the order,clear_cart
clear out my order,clear_cart
remove everything from my order,clear_cart
clear all contents of my order,clear_cart
empty the entire order,clear_cart
please clear my order,clear_cart
remove all the items in my order,clear_cart
clear my order of all items,clear_cart
clear my order of everything,clear_cart
please empty my order,clear_cart
clear all items and drinks,clear_cart
clear out the order,clear_cart
clear the order entirely,clear_cart
empty the order of all items,clear_cart
remove everything in my order,clear_cart
clear my order now,clear_cart
clear my order out,clear_cart
clear everything in the order,clear_cart
clear all from my order,clear_cart
clear the whole order,clear_cart
empty out my order,clear_cart
clear the order of everything,clear_cart
empty my order now,clear_cart
clear my order please,clear_cart
clear everything from the order,clear_cart
clear my entire order,clear_cart
remove all items and drinks from my order,clear_cart
clear all items from the order,clear_cart
clear out my order please,clear_cart
clear everything out of my order,clear_cart
empty my order entirely,clear_cart
empty the whole order,clear_cart
clear my order completely please,clear_cart
clear my order of all items and drinks,clear_cart
clear the order of all items,clear_cart
clear all contents from my order,clear_cart
clear everything in my order please,clear_cart
clear my order now please,clear_cart
empty the order completely,clear_cart
clear out all items in my order,clear_cart
remove all contents from my order,clear_cart
clear my order of all contents,clear_cart
clear everything in the order now,clear_cart
clear my order of all items now,clear_cart
clear all items and drinks from the order,clear_cart
empty everything from my order,clear_cart
clear my order fully,clear_cart
clear all items out of my order,clear_cart
clear my order out please,clear_cart
empty the order of everything,clear_cart
clear all contents of the order,clear_cart
clear everything in the order please,clear_cart
clear my entire order now,clear_cart
remove all items and drinks from the order,clear_cart
clear the order completely please,clear_cart
clear my order now completely,clear_cart
empty my order of all items,clear_cart
clear all items from my order now,clear_cart
clear everything out of the order,clear_cart
clear all items and drinks from my order now,clear_cart
clear my order totally,clear_cart
empty all items from my order,clear_cart
clear the order of all contents,clear_cart
clear everything in my order now,clear_cart
clear my order of everything please,clear_cart
clear all items in my order now,clear_cart
clear everything from my order please,clear_cart
empty my order fully,clear_cart
clear all items from my order please,clear_cart
clear out everything in my order,clear_cart
clear the order of all items now,clear_cart
clear everything from the order please,clear_cart
clear my order out now,clear_cart
clear my order entirely please,clear_cart
clear everything in my order completely,clear_cart
empty my order now please,clear_cart
clear all from my order now,clear_cart
clear everything out of the order please,clear_cart
clear my order totally please,clear_cart
clear my order of all items completely,clear_cart
clear everything in my order totally,clear_cart
clear my order of everything now,clear_cart
empty all items in my order now,clear_cart
clear everything from my order now please,clear_cart
clear the entire order now,clear_cart
clear out all items in my order please,clear_cart
clear all items and drinks from the order now,clear_cart
clear everything from my order totally,clear_cart
clear all items from my order completely,clear_cart
clear out everything in my order now,clear_cart
clear my order fully now,clear_cart
clear the whole order now,clear_cart
clear everything from the order now,clear_cart
clear my order now fully,clear_cart
empty everything in my order now,clear_cart
clear my order of all contents now,clear_cart
clear all items in my order completely,clear_cart
clear everything in the order now please,clear_cart
clear my entire order now please,clear_cart
clear all items from my order totally,clear_cart
clear everything out of the order now,clear_cart
clear all items and drinks from my order completely,clear_cart
clear the order completely now,clear_cart
empty my order of everything now,clear_cart
clear my order out totally,clear_cart
clear everything from the order completely,clear_cart
clear my order now totally,clear_cart
empty all items and drinks from my order,clear_cart
clear all contents of my order now,clear_cart
clear everything in my order now fully,clear_cart
clear my order of everything now please,clear_cart
clear all items from my order now completely,clear_cart
clear everything in the order totally,clear_cart
clear all items and drinks from my order now please,clear_cart
clear my order now completely please,clear_cart
clear my order of all items now please,clear_cart
clear everything in my order fully,clear_cart
clear my order now totally please,clear_cart
clear all items and drinks from the order completely,clear_cart
clear everything from the order now totally,clear_cart
clear all items in my order now totally,clear_cart
clear everything in my order completely please,clear_cart
clear my order out now completely,clear_cart
clear my order now fully please,clear_cart
empty everything from the order now,clear_cart
clear all items from my order totally please,clear_cart
clear my entire order now fully,clear_cart
clear out everything in the order now,clear_cart
clear all items and drinks from my order totally,clear_cart
clear everything in the order now completely,clear_cart
clear my order fully now please,clear_cart
clear everything from my order totally please,clear_cart
clear the order entirely now,clear_cart
clear out everything from the order now,clear_cart
clear all items and drinks from my order fully,clear_cart
clear my order totally now,clear_cart
clear everything in the order fully now,clear_cart
clear all items from my order fully now,clear_cart
clear everything from my order now fully please,clear_cart
clear the entire order now please,clear_cart
clear my order out completely now,clear_cart
actually can i clear my order,clear_cart
actually can you empty my order,clear_cart
actually can i delete everything in my order,clear_cart
actually can i remove all items from my order,clear_cart
actually can i start over and clear my order,clear_cart
actually can i get rid of all items in my order,clear_cart
actually can you clear out my entire order,clear_cart
actually can i empty the order completely,clear_cart
actually can i clear out all the items in my order,clear_cart
actually can you remove everything from my order,clear_cart
actually can i delete all the items and drinks from my order,clear_cart
actually can i remove everything from my cart,clear_cart
actually can i clear my entire cart,clear_cart
actually can you delete everything from my order,clear_cart
actually can i clear all items and drinks in my order,clear_cart
actually can i remove all items and drinks from my order,clear_cart
actually can you empty the order for me,clear_cart
actually can i get a fresh start and clear my order,clear_cart
actually can you clear my order of all items,clear_cart
actually can i clear my order right now,clear_cart
actually can you remove all items from my order,clear_cart
actually can i delete everything in the order,clear_cart
actually can i have an empty order again,clear_cart
actually can you clear everything from my order,clear_cart
actually can i get my order emptied,clear_cart
actually can you help me clear my order,clear_cart
actually can i remove all the items in my order,clear_cart
actually can you clear my order for me,clear_cart
actually can i delete all the contents of my order,clear_cart
actually can i clear my order entirely,clear_cart
actually can you take out everything from my order,clear_cart
actually can i start fresh and clear my order,clear_cart
actually can i empty my order now,clear_cart
actually can you remove all items and drinks from my order,clear_cart
actually can i get my order cleared out,clear_cart
actually can i delete everything from my order,clear_cart
actually can you help me empty my order,clear_cart
actually can i clear all items from my order,clear_cart
actually can you remove all contents from my order,clear_cart
actually can i get everything removed from my order,clear_cart
actually can i clear everything out of my order,clear_cart
actually can you delete all items and drinks in my order,clear_cart
actually can i clear the order and start over,clear_cart
actually can you remove all items in my order,clear_cart
actually can i get all items cleared from my order,clear_cart
actually can you delete all the items from my order,clear_cart
actually can i empty my order of all items and drinks,clear_cart
actually can you clear my order right now,clear_cart
actually can i get all items and drinks removed from my order,clear_cart
actually can you help me clear out my order completely,clear_cart
clear my cart,clear_cart
clear the entire cart,clear_cart
clear everything in my cart,clear_cart
clear all items and drinks from my cart,clear_cart
clear my whole cart,clear_cart
remove all items from my cart,clear_cart
clear the cart please,clear_cart
clear my cart entirely,clear_cart
empty my cart completely,clear_cart
empty the cart,clear_cart
clear out my cart,clear_cart
remove everything from my cart,clear_cart
clear all contents of my cart,clear_cart
empty the entire cart,clear_cart
please clear my cart,clear_cart
remove all the items in my cart,clear_cart
clear my cart of all items,clear_cart
clear my cart of everything,clear_cart
please empty my cart,clear_cart
clear all items and drinks,clear_cart
clear out the cart,clear_cart
clear the cart entirely,clear_cart
empty the cart of all items,clear_cart
remove everything in my cart,clear_cart
clear my cart now,clear_cart
clear my cart out,clear_cart
clear everything in the cart,clear_cart
clear all from my cart,clear_cart
clear the whole cart,clear_cart
empty out my cart,clear_cart
clear the cart of everything,clear_cart
empty my cart now,clear_cart
clear my cart please,clear_cart
clear everything from the cart,clear_cart
clear my entire cart,clear_cart
remove all items and drinks from my cart,clear_cart
clear all items from the cart,clear_cart
clear out my cart please,clear_cart
clear everything out of my cart,clear_cart
empty my cart entirely,clear_cart
empty the whole cart,clear_cart
clear my cart completely please,clear_cart
clear my cart of all items and drinks,clear_cart
clear the cart of all items,clear_cart
clear all contents from my cart,clear_cart
clear everything in my cart please,clear_cart
clear my cart now please,clear_cart
empty the cart completely,clear_cart
clear out all items in my cart,clear_cart
remove all contents from my cart,clear_cart
clear my cart of all contents,clear_cart
clear everything in the cart now,clear_cart
clear my cart of all items now,clear_cart
clear all items and drinks from the cart,clear_cart
empty everything from my cart,clear_cart
clear my cart fully,clear_cart
clear all items out of my cart,clear_cart
clear my cart out please,clear_cart
empty the cart of everything,clear_cart
clear all contents of the cart,clear_cart
clear everything in the cart please,clear_cart
clear my entire cart now,clear_cart
remove all items and drinks from the cart,clear_cart
clear the cart completely please,clear_cart
clear my cart now completely,clear_cart
empty my cart of all items,clear_cart
clear all items from my cart now,clear_cart
clear everything out of the cart,clear_cart
clear all items and drinks from my cart now,clear_cart
clear my cart totally,clear_cart
empty all items from my cart,clear_cart
clear the cart of all contents,clear_cart
clear everything in my cart now,clear_cart
clear my cart of everything please,clear_cart
clear all items in my cart now,clear_cart
clear everything from my cart please,clear_cart
empty my cart fully,clear_cart
clear all items from my cart please,clear_cart
clear out everything in my cart,clear_cart
clear the cart of all items now,clear_cart
clear everything from the cart please,clear_cart
clear my cart out now,clear_cart
clear my cart entirely please,clear_cart
clear everything in my cart completely,clear_cart
empty my cart now please,clear_cart
clear all from my cart now,clear_cart
clear everything out of the cart please,clear_cart
clear my cart totally please,clear_cart
clear my cart of all items completely,clear_cart
clear everything in my cart totally,clear_cart
clear my cart of everything now,clear_cart
empty all items in my cart now,clear_cart
clear everything from my cart now please,clear_cart
clear the entire cart now,clear_cart
clear out all items in my cart please,clear_cart
clear all items and drinks from the cart now,clear_cart
clear everything from my cart totally,clear_cart
clear all items from my cart completely,clear_cart
clear out everything in my cart now,clear_cart
clear my cart fully now,clear_cart
clear the whole cart now,clear_cart
clear everything from the cart now,clear_cart
clear my cart now fully,clear_cart
empty everything in my cart now,clear_cart
clear my cart of all contents now,clear_cart
clear all items in my cart completely,clear_cart
clear everything in the cart now please,clear_cart
clear my entire cart now please,clear_cart
clear all items from my cart totally,clear_cart
clear everything out of the cart now,clear_cart
clear all items and drinks from my cart completely,clear_cart
clear the cart completely now,clear_cart
empty my cart of everything now,clear_cart
clear my cart out totally,clear_cart
clear everything from the cart completely,clear_cart
clear my cart now totally,clear_cart
empty all items and drinks from my cart,clear_cart
clear all contents of my cart now,clear_cart
clear everything in my cart now fully,clear_cart
clear my cart of everything now please,clear_cart
clear all items from my cart now completely,clear_cart
clear everything in the cart totally,clear_cart
clear all items and drinks from my cart now please,clear_cart
clear my cart now completely please,clear_cart
clear my cart of all items now please,clear_cart
clear everything in my cart fully,clear_cart
clear my cart now totally please,clear_cart
clear all items and drinks from the cart completely,clear_cart
clear everything from the cart now totally,clear_cart
clear all items in my cart now totally,clear_cart
clear everything in my cart completely please,clear_cart
clear my cart out now completely,clear_cart
clear my cart now fully please,clear_cart
empty everything from the cart now,clear_cart
clear all items from my cart totally please,clear_cart
clear my entire cart now fully,clear_cart
clear out everything in the cart now,clear_cart
clear all items and drinks from my cart totally,clear_cart
clear everything in the cart now completely,clear_cart
clear my cart fully now please,clear_cart
clear everything from my cart totally please,clear_cart
clear the cart entirely now,clear_cart
clear out everything from the cart now,clear_cart
clear all items and drinks from my cart fully,clear_cart
clear my cart totally now,clear_cart
clear everything in the cart fully now,clear_cart
clear all items from my cart fully now,clear_cart
clear everything from my cart now fully please,clear_cart
clear the entire cart now please,clear_cart
clear my cart out completely now,clear_cart
actually can i clear my cart,clear_cart
actually can you empty my cart,clear_cart
actually can i delete everything in my cart,clear_cart
actually can i remove all items from my cart,clear_cart
actually can i start over and clear my cart,clear_cart
actually can i get rid of all items in my cart,clear_cart
actually can you clear out my entire cart,clear_cart
actually can i empty the cart completely,clear_cart
actually can i clear out all the items in my cart,clear_cart
actually can you remove everything from my cart,clear_cart
actually can i delete all the items and drinks from my cart,clear_cart
actually can i remove everything from my order,clear_cart
actually can i clear my entire order,clear_cart
actually can you delete everything from my cart,clear_cart
actually can i clear all items and drinks in my cart,clear_cart
actually can i remove all items and drinks from my cart,clear_cart
actually can you empty the cart for me,clear_cart
actually can i get a fresh start and clear my cart,clear_cart
actually can you clear my cart of all items,clear_cart
actually can i clear my cart right now,clear_cart
actually can you remove all items from my order,clear_cart
actually can i delete everything in the cart,clear_cart
actually can i have an empty cart again,clear_cart
actually can you clear everything from my cart,clear_cart
actually can i get my cart emptied,clear_cart
actually can you help me clear my cart,clear_cart
actually can i remove all the items in my cart,clear_cart
actually can you clear my cart for me,clear_cart
actually can i delete all the contents of my cart,clear_cart
actually can i clear my cart entirely,clear_cart
actually can you take out everything from my cart,clear_cart
actually can i start fresh and clear my cart,clear_cart
actually can i empty my cart now,clear_cart
actually can you remove all items and drinks from my order,clear_cart
actually can i get my cart cleared out,clear_cart
actually can i delete everything from my cart,clear_cart
actually can you help me empty my cart,clear_cart
actually can i clear all items from my cart,clear_cart
actually can you remove all contents from my cart,clear_cart
actually can i get everything removed from my cart,clear_cart
actually can i clear everything out of my cart,clear_cart
actually can you delete all items and drinks in my cart,clear_cart
actually can i clear the cart and start over,clear_cart
actually can you remove all items in my cart,clear_cart
actually can i get all items cleared from my cart,clear_cart
actually can you delete all the items from my cart,clear_cart
actually can i empty my cart of all items and drinks,clear_cart
actually can you clear my cart right now,clear_cart
actually can i get all items and drinks removed from my cart,clear_cart
actually can you help me clear out my cart completely,clear_cart
wait can you clear my cart i want to restart,clear_cart
wait can i restart,clear_cart
wait can i clear my cart,clear_cart