pierrette daniela,order,reservation
jerrilyn,order,reservation
chrysa,order,reservation
cleo dru,order,reservation
elsi,order,reservation
eunice danna,order,reservation
allix,order,reservation
venita maude,order,reservation
joane vikky,order,reservation
violetta,order,reservation
pattie,order,reservation
lynnett aura,order,reservation
kiersten rhetta,order,reservation
madelyn,order,reservation
gnni winny,order,reservation
jaquith,order,reservation
janene allys,order,reservation
tara,order,reservation
flori diann,order,reservation
cleopatra,order,reservation
pammi loreen,order,reservation
zelda,order,reservation
hortense,order,reservation
tiffanie willamina,order,reservation
zorina,order,reservation
berty dorotea,order,reservation
chelsy siusan,order,reservation
demetra,order,reservation
tarra,order,reservation
layney blythe,order,reservation
kalie eddi,order,reservation
elaina,order,reservation
arlana electra,order,reservation
gretna,order,reservation
netti glenine,order,reservation
nanci,order,reservation
koren,order,reservation
ginny ailina,order,reservation
denny idell,order,reservation
maurizia,order,reservation
orella,order,reservation
gunilla murial,order,reservation
harli,order,reservation
tami sharlene,order,reservation
brietta,order,reservation
gray caroljean,order,reservation
teresita,order,reservation
alexa cassey,order,reservation
janella gui,order,reservation
vicki,order,reservation
chelsie conny,order,reservation
coralie,order,reservation
rina,order,reservation
carissa nike,order,reservation
vera,order,reservation
carolyne emmi,order,reservation
judye,order,reservation
shirline adi,order,reservation
clary livvyy,order,reservation
reggie,order,reservation
madelon corilla,order,reservation
laverna,order,reservation
charyl lacey,order,reservation
mollee,order,reservation
eleanor,order,reservation
wilhelmine hattie,order,reservation
fawne,order,reservation
jacqui michel,order,reservation
beryl idaline,order,reservation
valentia,order,reservation
christine dagmar,order,reservation
maisey,order,reservation
adrea nancie,order,reservation
emilia,order,reservation
maxi,order,reservation
benita alyce,order,reservation
ros twyla,order,reservation
catie,order,reservation
dorri,order,reservation
ashien sharla,order,reservation
chicky,order,reservation
tamara blithe,order,reservation
kristan hestia,order,reservation
mathilde,order,reservation
nonie brita,order,reservation
crista,order,reservation
clio marisa,order,reservation
virgie,order,reservation
austina,order,reservation
lauren claudina,order,reservation
farrah sophie,order,reservation
grata,order,reservation
lissa sib,order,reservation
aggi,order,reservation
marie-jeanne,order,reservation
eula daloris,order,reservation
tildi,order,reservation
glad marcia,order,reservation
meggy,order,reservation
claudia renie,order,reservation
klarrisa pavia,order,reservation
ashely,order,reservation
clemence marylinda,order,reservation
odella,order,reservation
bettina,order,reservation
gerrie juline,order,reservation
celestine,order,reservation
ursuline ayn,order,reservation
nancy,order,reservation
lucila lizzy,order,reservation
vivianna ivory,order,reservation
hinda,order,reservation
berthe,order,reservation
sybil stephine,order,reservation
bellanca shantee,order,reservation
goldina,order,reservation
teddi viole,order,reservation
rozanna,order,reservation
misha bunny,order,reservation
brier,order,reservation
glenda,order,reservation
brinna guinna,order,reservation
lenore,order,reservation
adelle janine,order,reservation
marla,order,reservation
sophia franciska,order,reservation
mair,order,reservation
henriette velma,order,reservation
bettine,order,reservation
marj june,order,reservation
bryn,order,reservation
gus pauletta,order,reservation
gerladina,order,reservation
jacquelyn del,order,reservation
dyna bria,order,reservation
brianna,order,reservation
cheslie olly,order,reservation
mame,order,reservation
cam,order,reservation
kerrin eimile,order,reservation
carita berny,order,reservation
georgianna,order,reservation
darcey kelly,order,reservation
pansy,order,reservation
benni,order,reservation
else silvia,order,reservation
brianne susie,order,reservation
audry,order,reservation
lura cordelia,order,reservation
kay,order,reservation
anna-maria,order,reservation
melany noell,order,reservation
barbara mari,order,reservation
aubrey,order,reservation
cyndia,order,reservation
jill wendie,order,reservation
consuela,order,reservation
milly vally,order,reservation
sam nichole,order,reservation
glori,order,reservation
noelyn marianna,order,reservation
lissi,order,reservation
marigold,order,reservation
lavinie edee,order,reservation
bree ethyl,order,reservation
celka,order,reservation
ceciley,order,reservation
anabel ami,order,reservation
elly,order,reservation
walliw tabina,order,reservation
viki,order,reservation
stace ariella,order,reservation
betty doralia,order,reservation
ysabel,order,reservation
eudora charmine,order,reservation
lynna,order,reservation
mehetabel,order,reservation
ginnie masha,order,reservation
molly,order,reservation
kendre damaris,order,reservation
corrie bernelle,order,reservation
odille,order,reservation
dena,order,reservation
serene kirsten,order,reservation
marcy minta,order,reservation
anastasia,order,reservation
hilde tommy,order,reservation
terrijo,order,reservation
alie,order,reservation
emalee deena,order,reservation
wren tillie,order,reservation
elysia,order,reservation
nonah maye,order,reservation
jean,order,reservation
nannette,order,reservation
liva modestine,order,reservation
dori cathi,order,reservation
poppy,order,reservation
cairistiona lindsy,order,reservation
orsola,order,reservation
nerty,order,reservation
zilvia aili,order,reservation
marketa,order,reservation
robyn amalie,order,reservation
antonia gerti,order,reservation
karyn,order,reservation
kariotta anita,order,reservation
pavla,order,reservation
lida,order,reservation
briney crissie,order,reservation
teriann rachel,order,reservation
norean,order,reservation
andrei charita,order,reservation
letizia,order,reservation
clareta sari,order,reservation
chrissy,order,reservation
willie nancee,order,reservation
angelita,order,reservation
natalie caril,order,reservation
jo-anne,order,reservation
lorie karole,order,reservation
rochella,order,reservation
lorne,order,reservation
krista cheri,order,reservation
cherida,order,reservation
ag maryann,order,reservation
berta,order,reservation
marilee abby,order,reservation
leonore ceil,order,reservation
genevieve,order,reservation
rhiamon,order,reservation
nicoline toni,order,reservation
madalena,order,reservation
bamby catarina,order,reservation
dulcia sara-ann,order,reservation
samantha,order,reservation
ronda,order,reservation
ailee sharon,order,reservation
milzie,order,reservation
sonnie petronella,order,reservation
germana sidoney,order,reservation
roz,order,reservation
ruthe,order,reservation
desdemona deidre,order,reservation
corrina estrellita,order,reservation
ashla,order,reservation
kari,order,reservation
fayth ardisj,order,reservation
lizette delly,order,reservation
collen,order,reservation
faustina auberta,order,reservation
brittney,order,reservation
randi rosetta,order,reservation
jennie,order,reservation
etty,order,reservation
kerstin regan,order,reservation
torrie deonne,order,reservation
frankie,order,reservation
kylynn,order,reservation
alvera tory,order,reservation
camille,order,reservation
jeannie benedicta,order,reservation
winonah frayda,order,reservation
wynne,order,reservation
trudie,order,reservation
lani addy,order,reservation
leigha karola,order,reservation
dina,order,reservation
rhona lara,order,reservation
herta,order,reservation
traci brit,order,reservation
lenee,order,reservation
doro,order,reservation
luce jillana,order,reservation
ema tisha,order,reservation
norri,order,reservation
kizzee nolana,order,reservation
pauly,order,reservation
marybelle,order,reservation
mina merline,order,reservation
theresina veradis,order,reservation
ainsley,order,reservation
larisa harmonie,order,reservation
lorita,order,reservation
elsie kassie,order,reservation
harrie,order,reservation
julina anetta,order,reservation
tony,order,reservation
becky tedi,order,reservation
leora,order,reservation
lisha,order,reservation
tildie maud,order,reservation
charo,order,reservation
cathyleen doti,order,reservation
pamela bobby,order,reservation
katya,order,reservation
gabbi,order,reservation
tess dasya,order,reservation
gayla,order,reservation
megen lucita,order,reservation
carmen oneida,order,reservation
analise,order,reservation
doria,order,reservation
vevay betta,order,reservation
drusi britt,order,reservation
beatrice,order,reservation
valma audy,order,reservation
sharl,order,reservation
theresa,order,reservation
rici karna,order,reservation
bekki,order,reservation
karlotta staci,order,reservation
jade,order,reservation
peggie gertrude,order,reservation
alexine,order,reservation
rafa dorine,order,reservation
alta,order,reservation
ammamaria emmalynne,order,reservation
robbyn,order,reservation
eda lucilia,order,reservation
mirilla,order,reservation
josephine joelynn,order,reservation
jacquenetta,order,reservation
alison jennette,order,reservation
ermentrude peri,order,reservation
aloisia,order,reservation
eve sukey,order,reservation
fleurette,order,reservation
rodi janeta,order,reservation
jaime,order,reservation
sharron,order,reservation
saloma roxy,order,reservation
grayce,order,reservation
wanda malinde,order,reservation
janelle arabele,order,reservation
martynne,order,reservation
maryjane carolyn,order,reservation
olympie,order,reservation
ilsa,order,reservation
vivianne aidan,order,reservation
elizabet letta,order,reservation
debi,order,reservation
emelita gretel,order,reservation
marieann,order,reservation
ronny patti,order,reservation
carine,order,reservation
gweneth,order,reservation
bethena violet,order,reservation
lurleen,order,reservation
rosalinde cecilla,order,reservation
tabatha,order,reservation
isis keslie,order,reservation
ileana laurella,order,reservation
zenia,order,reservation
jammie haley,order,reservation
daile,order,reservation
fiorenze,order,reservation
ginevra andi,order,reservation
netty reena,order,reservation
carlin,order,reservation
verene,order,reservation
lian lilli,order,reservation
clair helsa,order,reservation
lorraine,order,reservation
corri cacilie,order,reservation
christi,order,reservation
dorian goldarina,order,reservation
gwendolin,order,reservation
chrystel jacquelin,order,reservation
laura,order,reservation
bambie aviva,order,reservation
grier,order,reservation
basia,order,reservation
martie enriqueta,order,reservation
lexie celestina,order,reservation
austin,order,reservation
jillane nedda,order,reservation
yasmeen,order,reservation
ann debbie,order,reservation
kial,order,reservation
merissa,order,reservation
emily maure,order,reservation
brandais,order,reservation
gilberta doreen,order,reservation
ivy giselle,order,reservation
erin,order,reservation
eleen,order,reservation
flo ailey,order,reservation
beverly,order,reservation
rahel shannen,order,reservation
thomasa,order,reservation
kenna corrianne,order,reservation
korie,order,reservation
louisette bernadene,order,reservation
valeda,order,reservation
darci tessi,order,reservation
agretha,order,reservation
chery jenni,order,reservation
jerrine marielle,order,reservation
jobyna,order,reservation
jaymee annette,order,reservation
tracie,order,reservation
bertine meghann,order,reservation
mora,order,reservation
lorrayne kip,order,reservation
amelie,order,reservation
alena,order,reservation
fallon ashley,order,reservation
lolita florry,order,reservation
madelin,order,reservation
viviana,order,reservation
ashlan hadria,order,reservation
asia,order,reservation
virginia madeline,order,reservation
rosalia jojo,order,reservation
mirelle,order,reservation
dianna shirlene,order,reservation
tally,order,reservation
laverne gabrila,order,reservation
tedra,order,reservation
charisse,order,reservation
bev evania,order,reservation
juliette kalila,order,reservation
lynea,order,reservation
averyl,order,reservation
marya leilah,order,reservation
torie faustine,order,reservation
terri,order,reservation
tammi,order,reservation
denni adelind,order,reservation
evangelina,order,reservation
cybil bab,order,reservation
henrietta ottilie,order,reservation
hazel,order,reservation
randy,order,reservation
karyl mia,order,reservation
bertie,order,reservation
aloysia darya,order,reservation
rennie,order,reservation
holly celisse,order,reservation
arlee garland,order,reservation
marlee,order,reservation
florie jania,order,reservation
gabriell,order,reservation
hildegaard almeda,order,reservation
moll,order,reservation
sherill ethelda,order,reservation
dasie,order,reservation
leila maryjo,order,reservation
nisse,order,reservation
nanine stacie,order,reservation
christie,order,reservation
cara,order,reservation
dorrie petronille,order,reservation
doroteya,order,reservation
glen suzette,order,reservation
deeanne leda,order,reservation
arline,order,reservation
arlina berry,order,reservation
sosanna,order,reservation
sephira,order,reservation
marthena adrian,order,reservation
kristel marga,order,reservation
ursulina,order,reservation
emelyne brynna,order,reservation
claudie,order,reservation
allegra genevra,order,reservation
raychel,order,reservation
ebba natala,order,reservation
moyra,order,reservation
karlen,order,reservation
meriel tova,order,reservation
ynez catlin,order,reservation
rebeca,order,reservation
marjorie,order,reservation
jandy claretta,order,reservation
angelika,order,reservation
magdaia gerry,order,reservation
marlane nadeen,order,reservation
mirabella,order,reservation
isobel stesha,order,reservation
jerry,order,reservation
lianne mead,order,reservation
marris,order,reservation
mildrid kellyann,order,reservation
loralee,order,reservation
andy,order,reservation
charissa genna,order,reservation
fayre,order,reservation
ciel peggi,order,reservation
lauraine,order,reservation
ketti tallie,order,reservation
paulette,order,reservation
cassaundra jeane,order,reservation
arabela,order,reservation
chantal amber,order,reservation
alex,order,reservation
demetria fianna,order,reservation
thalia cristy,order,reservation
danica,order,reservation
sissy avis,order,reservation
holli,order,reservation
cristal,order,reservation
erminia theodosia,order,reservation
winni,order,reservation
zea cal,order,reservation
hatti,order,reservation
jillie imogene,order,reservation
dorette coral,order,reservation
gates,order,reservation
stephi josefina,order,reservation
lesli,order,reservation
marlo,order,reservation
albertina jacklyn,order,reservation
edie juieta,order,reservation
erica,order,reservation
zorah miof mela,order,reservation
ettie,order,reservation
kristen,order,reservation
eugenie maggy,order,reservation
lydie jocelyn,order,reservation
paulie,order,reservation
colly,order,reservation
jonis orelie,order,reservation
chandal,order,reservation
brenna vania,order,reservation
idelle,order,reservation
ingeberg jemmie,order,reservation
darlleen vonnie,order,reservation
codie,order,reservation
melania,order,reservation
erna coralyn,order,reservation
marti heidi,order,reservation
norrie,order,reservation
maura,order,reservation
ricky kelcy,order,reservation
lurlene,order,reservation
dulcy codi,order,reservation
ethelyn,order,reservation
nevsa beatrix,order,reservation
leoline rubina,order,reservation
peria,order,reservation
lorri cristine,order,reservation
elka,order,reservation
julianne,order,reservation
vere ainslie,order,reservation
marabel,order,reservation
essy nanete,order,reservation
jemimah pippy,order,reservation
dinny,order,reservation
corey priscella,order,reservation
zsazsa,order,reservation
mavra mattie,order,reservation
judy,order,reservation
hedy,order,reservation
maudie catherin,order,reservation
florance bridget,order,reservation
collete,order,reservation
lacee naoma,order,reservation
laetitia,order,reservation
bernardine,order,reservation
winifred rubia,order,reservation
phaidra nicolette,order,reservation
anica,order,reservation
laryssa,order,reservation
norma trista,order,reservation
ilene,order,reservation
gusta lilias,order,reservation
mellisent,order,reservation
darsie marline,order,reservation
julia norine,order,reservation
stefania,order,reservation
devina,order,reservation
talyah jazmin,order,reservation
dee dee katti,order,reservation
frances,order,reservation
denice gilly,order,reservation
stacia,order,reservation
gretta,order,reservation
gianna nataline,order,reservation
florina,order,reservation
dinah devon,order,reservation
irita anna-diana,order,reservation
katie,order,reservation
fernandina,order,reservation
antonella christabel,order,reservation
constantia,order,reservation
tricia blancha,order,reservation
margie,order,reservation
glennie marjie,order,reservation
angela,order,reservation
grethel roselle,order,reservation
rozella,order,reservation
kim helga,order,reservation
davita,order,reservation
jolene bessy,order,reservation
arleyne sheba,order,reservation
rozelle,order,reservation
shir,order,reservation
cele sophi,order,reservation
the name is alameda violetta,order,reservation
how about debbie helene please,order,reservation
it might be under allsun blake,order,reservation
find the name darda,order,reservation
look for marrilee,order,reservation
our name is doll,order,reservation
you should have it under ermentrude shana,order,reservation
it might be under henrietta,order,reservation
you can find it under hermione,order,reservation
do it for christabel antonetta please,order,reservation
how about nan,order,reservation
check the name lauren marys,order,reservation
try looking for cosette,order,reservation
i think it's listed under annetta lindsy,order,reservation
it's dusty kariotta for tonight,order,reservation
should be anastasia,order,reservation
try my name mercy gayel,order,reservation
find it under the name monica,order,reservation
it's listed under lianna,order,reservation
try finding blakeley,order,reservation
we're under kimberlyn,order,reservation
yeah it's brena,order,reservation
it's moyra i believe,order,reservation
check under ali,order,reservation
it will be for joelly sissy,order,reservation
check the name lani,order,reservation
check for the name andeee maisey,order,reservation
i believe it's jerry,order,reservation
it will be for inger please,order,reservation
find it under the name ranna theodora,order,reservation
make it janie ginnifer please,order,reservation
should be under candis heddie,order,reservation
i think it's under beatrice becky,order,reservation
you should have it under yvette,order,reservation
please look up joly rhianna,order,reservation
check for my name phylys rowena,order,reservation
try hally,order,reservation
i made it under katleen waly,order,reservation
look under eudora,order,reservation
you should find it listed as nonnah,order,reservation
my name is regina please,order,reservation
put it for bonny please,order,reservation
put it for meara camala,order,reservation
put it under valaree rhetta,order,reservation
it will be for terry,order,reservation
i think it's under petronilla,order,reservation
its listed under the name corey,order,reservation
you should find it listed as arda guglielma,order,reservation
should be under the name of ianthe marcille,order,reservation
try livvyy gratiana,order,reservation
check for the name linnie,order,reservation
for kaitlyn sada please,order,reservation
make it aubine leone,order,reservation
you'll see it under carilyn ilyssa,order,reservation
you'll find it under ginger,order,reservation
it's benny,order,reservation
dixie meagan please,order,reservation
do it for kameko,order,reservation
try checking for matty,order,reservation
look under nanni kelsey,order,reservation
under olivie,order,reservation
check the name tabbatha,order,reservation
the name is alina,order,reservation
sure it's sandy,order,reservation
it is made under marleen,order,reservation
try the name rivkah,order,reservation
put it under hedvig,order,reservation
you'll see it listed under lorrayne,order,reservation
check for my name heather,order,reservation
try finding terrie ilsa,order,reservation
it's under the name michel catarina,order,reservation
for marget,order,reservation
you should find valencia,order,reservation
i made it under claire,order,reservation
you'll see it listed under sarine klara,order,reservation
lets do tedda,order,reservation
it's beckie for tonight,order,reservation
my name is caty helga,order,reservation
you'll find it listed as di,order,reservation
mozelle,order,reservation
find the name cristin meaghan,order,reservation
look up the name josephina,order,reservation
the name to look for is lethia,order,reservation
look for the name kelsi ethelda,order,reservation
you should have it under kania rhonda,order,reservation
put it under kym constancia please,order,reservation
we're listed under brandie,order,reservation
under letitia please,order,reservation
make it heda,order,reservation
make it for madlin,order,reservation
for brynne please,order,reservation
look for the name callie,order,reservation
its listed under the name beverly indira,order,reservation
you can find it under iona margalo,order,reservation
put it for hulda wylma please,order,reservation
i believe it's under charity,order,reservation
check under kiah ellette,order,reservation
find it under elka,order,reservation
make it for davita belicia,order,reservation
look for gerhardine evonne,order,reservation
please check for roberta euphemia,order,reservation
for shirley abbye,order,reservation
we have it under reiko,order,reservation
i'm carey,order,reservation
make it for sonnie please,order,reservation
lets do carlynne ariella,order,reservation
please check under noemi,order,reservation
please find it under minta dulcia,order,reservation
under corabel gwennie please,order,reservation
name should be revkah rikki,order,reservation
it's under phaedra austin for dinner,order,reservation
please check for dasie,order,reservation
look up karine micky,order,reservation
lets do janith please,order,reservation
please find it under tate,order,reservation
it's licha bevvy,order,reservation
we have it under marybelle babbie,order,reservation
the name to look for is laryssa arline,order,reservation
please check for reyna alys,order,reservation
it is made under tommy victoria,order,reservation
look up my name aimil renae,order,reservation
please look for the name toma,order,reservation
check for the name georgianne flori,order,reservation
should be under the name of augustine,order,reservation
it should be under charmine teddi,order,reservation
check for miof mela,order,reservation
should be under lynsey,order,reservation
try the name pauli annabel,order,reservation
dolly please,order,reservation
we're listed under lucine selinda,order,reservation
do it for cynthy please,order,reservation
you should have it under carolin,order,reservation
you'll see it under clarissa,order,reservation
do it for terrijo micheline,order,reservation
you should find ranee calli,order,reservation
check for gilligan shelley,order,reservation
it's listed under talya almire,order,reservation
should be kathlin shayla,order,reservation
we're listed under the name clare,order,reservation
check for the name rhianon,order,reservation
try checking for eloise liva,order,reservation
i think it's listed under dianemarie,order,reservation
please look for the name amargo guillemette,order,reservation
look up the name judith devon,order,reservation
we're under phyllida matilde,order,reservation
sure it's emilie etti,order,reservation
i believe it's charmaine essy,order,reservation
you'll find it under gweneth zaneta,order,reservation
find it under jeannette tersina,order,reservation
please check the name robbi tonie,order,reservation
put it for sabrina,order,reservation
how about alysa please,order,reservation
it's under the name kendra,order,reservation
it's kacy amy i believe,order,reservation
make it vivia please,order,reservation
you'll find it listed as ame jelene,order,reservation
how about wenda lilas,order,reservation
we're listed under the name aigneis ophelie,order,reservation
yeah it's didi mireille,order,reservation
it's under mariann for dinner,order,reservation
i believe it's under shayna naoma,order,reservation
please look up van,order,reservation
try my name hedwig,order,reservation
the name should be lorenza,order,reservation
put it under alfreda please,order,reservation
look up ara,order,reservation
dede zenia,order,reservation
try looking for mellisent lea,order,reservation
under flossi letty,order,reservation
name should be martita,order,reservation
it will be for dominica jojo please,order,reservation
the name should be willi janean,order,reservation
please check the name candace,order,reservation
lets do caritta zia please,order,reservation
look up my name stepha,order,reservation
please check under sheelah samara,order,reservation
check the name agneta lora,order,reservation
please check for riva,order,reservation
my name is kellsie,order,reservation
my name is jordain clair please,order,reservation
i'm norah nedi,order,reservation
our name is audra jean,order,reservation
make it for cari clotilda please,order,reservation
it should be under julia,order,reservation
look up my name gwenny,order,reservation
it's under the name joelle shaylah,order,reservation
arlee,order,reservation
name should be sallyann,order,reservation
look for andra kally,order,reservation
under katti kelly please,order,reservation
i believe it's arabel,order,reservation
should be under shirl ilysa,order,reservation
find the name brandy,order,reservation
look up the name dolorita,order,reservation
do it for cordula,order,reservation
for rafa albina,order,reservation
look up goldina audrey,order,reservation
check for the name fedora lucky,order,reservation
please check under ashleigh,order,reservation
make it for becka clara please,order,reservation
should be under gina,order,reservation
how about merissa,order,reservation
check under josi,order,reservation
it might be under hollie,order,reservation
try my name anna jillana,order,reservation
you should have it under karola nadya,order,reservation
it's anny annadiana,order,reservation
make it gaby cordey,order,reservation
its listed under the name rozamond haleigh,order,reservation
lets do jacqueline please,order,reservation
look for the name emmalyn corilla,order,reservation
it's gail for tonight,order,reservation
put it under mufi merlina,order,reservation
the name to look for is letta ania,order,reservation
lets do clarine carleen please,order,reservation
carroll abagael please,order,reservation
it is made under cherida pauly,order,reservation
my name is natalya amelina,order,reservation
it's christen,order,reservation
you should find it listed as brittaney,order,reservation
you can find it under ninnetta dahlia,order,reservation
look up the name lizzie germain,order,reservation
you should find oralee,order,reservation
look up my name claretta katie,order,reservation
you'll see it under aprilette,order,reservation
try finding charlena,order,reservation
i made it under sheryl layla,order,reservation
make it genevieve murial please,order,reservation
for dacie lelia please,order,reservation
the name should be adrianna,order,reservation
please look for the name ansley,order,reservation
how about lorrin denice,order,reservation
please check the name norina hermia,order,reservation
i think it's under leyla,order,reservation
please check for lenette,order,reservation
please check for nelli tatum,order,reservation
you'll see it under mildred luisa,order,reservation
find it under the name juditha,order,reservation
check the name brittany,order,reservation
put it for hynda,order,reservation
it will be for cathe carlynn please,order,reservation
you'll find it listed as kitti,order,reservation
you should have it under nelie portia,order,reservation
put it for sorcha pru please,order,reservation
lets do nanete anabelle,order,reservation
yeah it's deloris berty,order,reservation
look for linnea,order,reservation
under joan regan,order,reservation
look under marielle drucill,order,reservation
for marieann,order,reservation
try my name odessa,order,reservation
please find it under sharron teddy,order,reservation
put it under fancy please,order,reservation
my name is danita katuscha please,order,reservation
it's willette garnet for tonight,order,reservation
how about atalanta please,order,reservation
please check for ashla,order,reservation
for adrianne please,order,reservation
please look up abra fania,order,reservation
check the name gwendolyn annis,order,reservation
try the name charlotte carlotta,order,reservation
find it under nettle kelcie,order,reservation
i'm alma,order,reservation
it should be under fayre,order,reservation
we're listed under janice,order,reservation
it will be for lacey,order,reservation
put it for shandeigh please,order,reservation
should be under the name of ajay adella,order,reservation
i think it's under tybi phylis,order,reservation
should be kalindi,order,reservation
put it under madonna halimeda please,order,reservation
please look up stesha,order,reservation
you should have it under liana,order,reservation
my name is jilleen please,order,reservation
under elysee please,order,reservation
check for the name veronica evangelin,order,reservation
i'm carmine wendeline,order,reservation
check for my name hanni,order,reservation
try checking for anabella,order,reservation
check for my name brook erna,order,reservation
check the name rosaline,order,reservation
you'll find it under daniele,order,reservation
it's under sindee for dinner,order,reservation
i believe it's dido dalenna,order,reservation
please look for the name marcy jennee,order,reservation
find the name adaline kamilah,order,reservation
the name should be katusha kandace,order,reservation
it will be for pippa marrissa,order,reservation
make it for alexis please,order,reservation
try the name marissa,order,reservation
under pierrette,order,reservation
try checking for gale marcelle,order,reservation
we're under astra,order,reservation
check for perrine,order,reservation
try finding bobbette agnes,order,reservation
michelle please,order,reservation
put it for corina jorie,order,reservation
it is made under nisse,order,reservation
it should be under jennica tansy,order,reservation
look under annora,order,reservation
lets do margy,order,reservation
name should be rosina claresta,order,reservation
i believe it's under willy mellie,order,reservation
please check under ofelia ingrid,order,reservation
check for sidonnie simone,order,reservation
make it gayle please,order,reservation
make it for lauryn bibbie,order,reservation
should be under the name of adriaens,order,reservation
it will be for aila please,order,reservation
i believe it's under dorothee,order,reservation
how about chiquia kass please,order,reservation
try looking for pollyanna beverie,order,reservation
make it carolann,order,reservation
look up sheelagh,order,reservation
i made it under traci,order,reservation
you can find it under donna,order,reservation
it's under caye reggie for dinner,order,reservation
please find it under tiertza,order,reservation
yeah it's freida,order,reservation
try looking for joelie,order,reservation
it's listed under dorie,order,reservation
put it under melisandra,order,reservation
find it under the name lilllie bobbi,order,reservation
try barby,order,reservation
do it for christian please,order,reservation
the name is constanta,order,reservation
we have it under leonora,order,reservation
you should find it listed as juliana dianne,order,reservation
i think it's listed under fionna orelle,order,reservation
it's annemarie alisun i believe,order,reservation
you should find celka verina,order,reservation
check for the name bettye,order,reservation
do it for randene linnell please,order,reservation
it's under the name auguste,order,reservation
you'll find it under katlin donelle,order,reservation
it might be under loralee luz,order,reservation
you'll see it listed under charline,order,reservation
our name is sophi corissa,order,reservation
try monika gaylene,order,reservation
should be min crista,order,reservation
do it for dael jacenta,order,reservation
we're under jeniffer louise,order,reservation
you should have it under cacilia,order,reservation
look for the name jennie,order,reservation
make it for raine,order,reservation
it's bren i believe,order,reservation
you'll see it listed under serena ami,order,reservation
the name is cornela shena,order,reservation
sure it's kitty rosanne,order,reservation
find it under dawna,order,reservation
the name to look for is rori,order,reservation
check the name fayette ellynn,order,reservation
my name is katya,order,reservation
we have it under anthea avis,order,reservation
it's listed under karmen fay,order,reservation
i think it's listed under torrie,order,reservation
sure it's leticia,order,reservation
check under candida nikolia,order,reservation
our name is farica,order,reservation
marquita irena,order,reservation
check for the name sidonia,order,reservation
we're listed under the name estrellita alicea,order,reservation
please check for brianna mariele,order,reservation
we're listed under madelin leah,order,reservation
we're listed under the name clemmy,order,reservation
its listed under the name torie,order,reservation
please check the name melisa,order,reservation
you'll find it listed as charlotta ardeen,order,reservation
under lebbie,order,reservation
i believe it's junie sher,order,reservation
it will be for allis,order,reservation
try the name karoly,order,reservation
find it under tania,order,reservation
make it helen roxanna please,order,reservation
look under felita drucy,order,reservation
you'll see it listed under shirline,order,reservation
we have it under lorna,order,reservation
it should be under karlee twyla,order,reservation
check the name electra leila,order,reservation
please check for kordula,order,reservation
look up my name ashely,order,reservation
make it for martie berget,order,reservation
should be loria,order,reservation
should be under wini,order,reservation
please look up cloe,order,reservation
you'll see it under wilona jacquenette,order,reservation
put it under melinde jenica,order,reservation
check for the name krista,order,reservation
it's under danette fiann for dinner,order,reservation
we're under dulcy,order,reservation
please check for tiena lulita,order,reservation
we're listed under the name beverlie,order,reservation
the name should be devonne,order,reservation
it's under the name justinn,order,reservation
look up emlyn anneliese,order,reservation
try looking for tobi,order,reservation
find it under the name lynne cosetta,order,reservation
lets do agnesse elsinore,order,reservation
you should have it under ciel celinda,order,reservation
please check for lib lauri,order,reservation
find the name blaire paloma,order,reservation
put it under wynn evie please,order,reservation
elly shela,order,reservation
it's arlette junia i believe,order,reservation
try berni emmalee,order,reservation
find it under aaren yolanda,order,reservation
it will be for marjorie francene,order,reservation
please check the name vivianne,order,reservation
try looking for janel janaya,order,reservation
look up my name tressa lilla,order,reservation
my name is lyda please,order,reservation
it might be under darryl olivette,order,reservation
it's under andree for dinner,order,reservation
find it under the name kassi,order,reservation
you can find it under brita rozele,order,reservation
yeah it's kori octavia,order,reservation
check for elisabetta marjy,order,reservation
you should find it listed as stacie,order,reservation
its listed under the name cyndi,order,reservation
i think it's listed under honey,order,reservation
the name is jaquith reta,order,reservation
it should be under shalne,order,reservation
look under selena,order,reservation
put it for laurel tory,order,reservation
i believe it's joscelin,order,reservation
check under evangeline heath,order,reservation
you'll find it under brooks,order,reservation
check for my name teena,order,reservation
it's harriott i believe,order,reservation
do it for sena lurline please,order,reservation
yeah it's roze,order,reservation
our name is iris,order,reservation
how about annette,order,reservation
we're listed under haley,order,reservation
please find it under janina magdalen,order,reservation
it's shayne,order,reservation
how about madge please,order,reservation
please check the name naomi lorianna,order,reservation
check the name amity,order,reservation
my name is ertha roselin,order,reservation
look for the name lucila,order,reservation
try my name ashlan,order,reservation
lets do florance,order,reservation
put it for darsie deedee please,order,reservation
you'll see it under latashia,order,reservation
for chiarra,order,reservation
elspeth please,order,reservation
please look for the name shelbi olympia,order,reservation
i made it under costanza stefanie,order,reservation
it's listed under arluene,order,reservation
check for my name suzie cybil,order,reservation
make it for flor,order,reservation
look for the name cleopatra wenonah,order,reservation
under saree erminia please,order,reservation
sure it's loleta hermine,order,reservation
look for morgan,order,reservation
you should have it under tine,order,reservation
it will be for cornie please,order,reservation
look up the name eleonora,order,reservation
the name to look for is alyss cordie,order,reservation
do it for cesya lesly,order,reservation
should be under the name of rosaleen,order,reservation
make it rora,order,reservation
it will be for ramona carley please,order,reservation
put it under lottie please,order,reservation
please check for dniren,order,reservation
we're listed under poppy ezmeralda,order,reservation
my name is ricca,order,reservation
name should be gay caresse,order,reservation
check under meridith,order,reservation
it is made under lenore hedi,order,reservation
make it sibbie rita,order,reservation
the name is letti,order,reservation
i made it under eolanda,order,reservation
you should find tamra,order,reservation
look up suellen,order,reservation
i think it's under ronni kaye,order,reservation
try checking for thia,order,reservation
you should have it under wilone,order,reservation
please look up susie kay,order,reservation
it's merry for tonight,order,reservation
you'll find it under lainey vikki,order,reservation
it is made under chloe,order,reservation
you should find it listed as fayina lesya,order,reservation
i believe it's under gennifer,order,reservation
make it for catherine please,order,reservation
look for violette gussi,order,reservation
please check under sandye,order,reservation
do it for shandy,order,reservation
should be under the name of jerrilee ysabel,order,reservation
i'm nichol chiquita,order,reservation
irina,order,reservation
under janessa emlynne,order,reservation
find the name bill,order,reservation
i believe it's under florida aubrie,order,reservation
try finding calley,order,reservation
the name should be hollyanne binnie,order,reservation
try finding fancie chloette,order,reservation
how about caren leoline please,order,reservation
i think it's under glennis,order,reservation
it's under the name inga lindy,order,reservation
the name to look for is edin,order,reservation
its listed under the name angeline kerrin,order,reservation
try checking for saraann fidela,order,reservation
you'll see it listed under caryn ola,order,reservation
i'm wren,order,reservation
should be melly sarah,order,reservation
you'll find it listed as keriann,order,reservation
try the name amii anya,order,reservation
check the name valentine,order,reservation
for isabelita godiva please,order,reservation
put it under milli,order,reservation
we're under kristi pooh,order,reservation
lets do wendie please,order,reservation
please look for the name merci,order,reservation
do it for dru please,order,reservation
try my name lavena glynis,order,reservation
we have it under darcee wilhelmine,order,reservation
estele teirtza please,order,reservation
look up the name cathlene fallon,order,reservation
check for the name maure,order,reservation
i think it's listed under raynell genevra,order,reservation
it might be under linet,order,reservation
it's dannie karena for tonight,order,reservation
check for druci,order,reservation
for eolande lotte,order,reservation
check the name robenia sadie,order,reservation
it's mella kellia,order,reservation
please check under deerdre yoko,order,reservation
our name is cindi sharai,order,reservation
check for the name tasha shelby,order,reservation
for angelita please,order,reservation
how about alie anabel,order,reservation
sure it's katherine,order,reservation
lets do dale lin please,order,reservation
you should have it under wilow kate,order,reservation
make it arlie please,order,reservation
should be under demeter maritsa,order,reservation
name should be con,order,reservation
under jsandye please,order,reservation
you'll find it listed as roobbie seline,order,reservation
you can find it under kacey,order,reservation
please find it under faun,order,reservation
check for the name georgine gillan,order,reservation
it's listed under remy hildy,order,reservation
make it for willetta salome please,order,reservation
you should find sibylle vanessa,order,reservation
my name is opaline trista please,order,reservation
put it for donia,order,reservation
we're listed under the name cheslie max,order,reservation
try maxy,order,reservation
put it for chantal please,order,reservation
its listed under the name clarey,order,reservation
you'll see it under alex cristen,order,reservation
it might be under doretta luise,order,reservation
you should have it under yasmin,order,reservation
check for my name adey,order,reservation
please check the name karoline missy,order,reservation
make it for sean,order,reservation
make it for elyn marja,order,reservation
i think it's under adan cecily,order,reservation
do it for dorella please,order,reservation
try checking for nani,order,reservation
how about giacinta please,order,reservation
you'll find it listed as jilli,order,reservation
for judie grete,order,reservation
for lira korella please,order,reservation
should be under the name of adele,order,reservation
i believe it's under ivy,order,reservation
look up my name fenelia,order,reservation
it should be under emmaline thalia,order,reservation
try finding ayn,order,reservation
try devinne glenine,order,reservation
please check for arly,order,reservation
our name is rubi,order,reservation
i think it's listed under abbey camilla,order,reservation
try my name lynn,order,reservation
you should have it under theresina kassey,order,reservation
check the name hilde yasmeen,order,reservation
it's hallie gerrilee,order,reservation
try checking for daphna gerda,order,reservation
under donnie sherilyn,order,reservation
yeah it's dennie kelci,order,reservation
lets do stephi,order,reservation
try looking for stephanie,order,reservation
you should find rosie benedikta,order,reservation
find the name sharl,order,reservation
you can find it under dosi,order,reservation
make it rayshell kaitlin,order,reservation
i'm ethelin,order,reservation
name should be aloysia,order,reservation
put it under elnore please,order,reservation
sure it's anne,order,reservation
joey,order,reservation
you'll see it under anselma,order,reservation
we're listed under sosanna,order,reservation
find it under the name glori,order,reservation
please check under alfie,order,reservation
find it under dyann clarabelle,order,reservation
you'll find it under gretel kelila,order,reservation
katy please,order,reservation
it will be for stacia ingeberg,order,reservation
i think it's listed under helsa,order,reservation
for valma please,order,reservation
please check for crin lisha,order,reservation
it's under the name katey,order,reservation
you should find it listed as margarete,order,reservation
it's under nonah for dinner,order,reservation
put it under lindsey billy,order,reservation
find it under corene,order,reservation
please check for amalee,order,reservation
you'll see it listed under jobyna savina,order,reservation
check for dacey andie,order,reservation
look for elianore,order,reservation
please find it under piper chickie,order,reservation
you'll find it listed as rayna ileane,order,reservation
put it under bobina feodora please,order,reservation
its listed under the name zarah tallulah,order,reservation
it's listed under malena,order,reservation
i made it under rubetta casandra,order,reservation
my name is vivyanne,order,reservation
it should be under nathalie,order,reservation
check for my name belia karla,order,reservation
my name is rosabel elsbeth please,order,reservation
try the name wallis shelba,order,reservation
should be under lisabeth marabel,order,reservation
check for the name christabella,order,reservation
put it for leena,order,reservation
i believe it's norri joby,order,reservation
check for ros,order,reservation
look up roana rasia,order,reservation
do it for lolly selene,order,reservation
i believe it's jada,order,reservation
under rene,order,reservation
check the name andria,order,reservation
please look up cindy,order,reservation
you'll find it under carlie,order,reservation
you should have it under francesca,order,reservation
put it for jannelle please,order,reservation
marianne bari,order,reservation
should be angelique willabella,order,reservation
how about cinda,order,reservation
make it orly,order,reservation
it will be for agretha mirella please,order,reservation
try finding mei blisse,order,reservation
lets do brunhilda aurea please,order,reservation
it's amil doralyn for tonight,order,reservation
should be under deirdre,order,reservation
lets do mady lorelle,order,reservation
we have it under maurine,order,reservation
check the name rosmunda lizbeth,order,reservation
look under barbi,order,reservation
it's under the name carma paulina,order,reservation
check for the name melisent,order,reservation
my name is marigold please,order,reservation
please check for glenda pippy,order,reservation
please look for the name melitta kelli,order,reservation
check for the name aggy martguerita,order,reservation
put it for rehan marya,order,reservation
make it nike florri please,order,reservation
it is made under merola casi,order,reservation
look for the name brit,order,reservation
the name to look for is catina fredi,order,reservation
try daveen,order,reservation
check under clemmie,order,reservation
the name should be kissie eunice,order,reservation
we're under mil,order,reservation
it's nananne i believe,order,reservation
find the name shelly chrysa,order,reservation
put it under caryl,order,reservation
it is made under ailsun,order,reservation
under rosalinda please,order,reservation
it's kala,order,reservation
do it for sella,order,reservation
how about elfie nicolle,order,reservation
you should have it under evvie raychel,order,reservation
i think it's under austina,order,reservation
make it for elise please,order,reservation
please find it under glory,order,reservation
we're listed under the name rosemary deb,order,reservation
name should be annnora yolande,order,reservation
it's amelita diena i believe,order,reservation
i made it under merrile,order,reservation
look up the name hattie,order,reservation
the name is valene,order,reservation
for dyanna,order,reservation
put it for astrix dyna please,order,reservation
we're listed under the name alena,order,reservation
i believe it's under aarika elladine,order,reservation
yeah it's zara,order,reservation
it will be for dorene please,order,reservation
make it selle please,order,reservation
sure it's elisa leonanie,order,reservation
it will be for halley,order,reservation
we're under eyde eddy,order,reservation
try looking for abbi carmelita,order,reservation
you should find it listed as thomasina fanya,order,reservation
please check under cheryl filippa,order,reservation
under siana meridel please,order,reservation
find it under the name anne-marie adela,order,reservation
look up beulah,order,reservation
my name is aleen carolyne,order,reservation
look for the name jobina jacinda,order,reservation
we have it under sile maridel,order,reservation
it might be under guenna,order,reservation
i'm joell dasha,order,reservation
check for the name karlotte theo,order,reservation
please look up dorisa ermengarde,order,reservation
try my name meta marla,order,reservation
you should find angelle,order,reservation
check under floris lorianne,order,reservation
you can find it under anderea lena,order,reservation
you'll see it listed under berte,order,reservation
our name is saidee gae,order,reservation
please check the name shandie,order,reservation
look up my name nissy elke,order,reservation
the name to look for is zoe,order,reservation
lets do mallory please,order,reservation
how about odille marilin please,order,reservation
do it for adelheid karen please,order,reservation
make it for dannye raina please,order,reservation
it's listed under beatriz tisha,order,reservation
should be jenny,order,reservation
check the name merilyn,order,reservation
try the name larissa,order,reservation
the name is mariejeanne becki,order,reservation
it's under gladys peggie for dinner,order,reservation
should be under the name of ginni ginny,order,reservation
look up the name mela delilah,order,reservation
we're listed under trish genna,order,reservation
look for jayme aeriell,order,reservation
the name should be sibella,order,reservation
eve erda please,order,reservation
please look for the name nicole,order,reservation
it's ainsley for tonight,order,reservation
look under rebbecca kynthia,order,reservation
put it for jacintha,order,reservation
i'm melloney,order,reservation
look up emyle gena,order,reservation
how about sherill,order,reservation
under kimmie leanora,order,reservation
under benedicta dorice please,order,reservation
yeah it's marcellina georgeanne,order,reservation
do it for torey,order,reservation
it's under nonie umeko for dinner,order,reservation
it should be under margarethe sherye,order,reservation
i think it's listed under selestina chery,order,reservation
please look for the name marylynne bianka,order,reservation
put it under peta please,order,reservation
check for the name hedy,order,reservation
sure it's sabina rafaelita,order,reservation
it's under harriet for dinner,order,reservation
we're listed under eba,order,reservation
find it under the name winnifred anica,order,reservation
check the name hanny,order,reservation
i believe it's under auria,order,reservation
i believe it's miguelita eddie,order,reservation
it's under the name sherrie,order,reservation
try finding cordelia hendrika,order,reservation
it's martelle elsie i believe,order,reservation
make it cathleen timmy,order,reservation
put it under ginelle,order,reservation
the name to look for is noel,order,reservation
the name is estelle kizzie,order,reservation
please check for marcie,order,reservation
check for the name allina dotty,order,reservation
lets do concordia please,order,reservation
it will be for trix please,order,reservation
under nicki,order,reservation
try looking for catriona,order,reservation
try looking for peg celie,order,reservation
look up zorine,order,reservation
make it evania,order,reservation
you'll see it under philippine lisbeth,order,reservation
look up the name celestyn brett,order,reservation
make it for bernice zandra,order,reservation
the name to look for is trenna violante,order,reservation
find the name katheryn jacquetta,order,reservation
it will be for georgetta,order,reservation
it might be under sibilla cicily,order,reservation
make it for fiorenze please,order,reservation
i think it's under gerianna,order,reservation
check the name hettie daisy,order,reservation
we're under ina,order,reservation
you should find it listed as sela,order,reservation
check the name rachael elisha,order,reservation
you'll see it under sapphira,order,reservation
try my name etta kelley,order,reservation
please check for almira yevette,order,reservation
find the name saudra,order,reservation
my name is kandy rubina please,order,reservation
it's mariquilla,order,reservation
please check for seka fionnula,order,reservation
please find it under esmaria,order,reservation
myrah please,order,reservation
you should find nadiya,order,reservation
try checking for claudelle,order,reservation
try checking for cam pierette,order,reservation
it is made under celle,order,reservation
it should be under lanie,order,reservation
sure it's gillian,order,reservation
it will be for ethel hatty please,order,reservation
look for randee,order,reservation
lets do valli bab,order,reservation
the name should be damita,order,reservation
vanni martynne,order,reservation
try the name sherie sherline,order,reservation
my name is jacquette,order,reservation
we have it under maggi,order,reservation
try malvina alane,order,reservation
put it under shaina van,order,reservation
please check under daphene,order,reservation
how about beryle whitney,order,reservation
check for the name flossy,order,reservation
you'll see it listed under hope,order,reservation
you'll find it under mina,order,reservation
look for the name anthia drona,order,reservation
how about cindra please,order,reservation
yeah it's marybeth,order,reservation
please look up loreen marthe,order,reservation
it's karon i believe,order,reservation
you should have it under vannie,order,reservation
please find it under pam erin,order,reservation
try cynthie,order,reservation
make it for brandea rebeka please,order,reservation
i believe it's under modestia goldi,order,reservation
i'm caitrin effie,order,reservation
for heddi adria,order,reservation
make it for margi,order,reservation
it might be under babita,order,reservation
the name should be ealasaid jackqueline,order,reservation
how about conchita ingeborg please,order,reservation
for lynette please,order,reservation
under leeann please,order,reservation
should be under the name of kat jenine,order,reservation
find it under the name lizette,order,reservation
find it under zena kaitlynn,order,reservation
check the name berenice,order,reservation
we're listed under loise agathe,order,reservation
put it for michell winnah,order,reservation
please check the name bernadine,order,reservation
look under danna,order,reservation
please look for the name minette,order,reservation
check under bertie,order,reservation
it is made under florella holli,order,reservation
we're under tomi myriam,order,reservation
it's valentina gratia,order,reservation
should be roseann,order,reservation
you should find it listed as rosemaria angelica,order,reservation
nissa lilah please,order,reservation
look up my name cara,order,reservation
it's listed under bibi pavia,order,reservation
we're listed under the name christine addi,order,reservation
try the name simonette,order,reservation
check under jeanette joete,order,reservation
lets do bessy rosamond please,order,reservation
it's lianne harlie for tonight,order,reservation
my name is concettina please,order,reservation
my name is dareen ferdinanda,order,reservation
please check under luciana emmy,order,reservation
put it for magdalena cymbre please,order,reservation
we have it under eleanor helaina,order,reservation
make it rebeca andreana please,order,reservation
i think it's under katrina bonni,order,reservation
do it for dita please,order,reservation
make it margareta please,order,reservation
it's listed under maurita,order,reservation
we're listed under the name carmina,order,reservation
put it under jordanna kora please,order,reservation
its listed under the name marylin darya,order,reservation
check for my name babb krysta,order,reservation
please look up antonina,order,reservation
you should have it under eleen leesa,order,reservation
please check for sherri,order,reservation
it's tamarah for tonight,order,reservation
should be under blondelle lark,order,reservation
the name is sileas,order,reservation
blanche,order,reservation
should be under the name of lacie,order,reservation
you can find it under nikkie,order,reservation
i believe it's kellie,order,reservation
should be annabell galina,order,reservation
try my name marlo,order,reservation
check for my name lacee,order,reservation
you should have it under aurelie roslyn,order,reservation
should be under albertine,order,reservation
look up my name susana cory,order,reservation
i think it's listed under katina,order,reservation
i made it under valida jacklin,order,reservation
look under tierney frederique,order,reservation
you'll find it listed as jilly,order,reservation
it will be for penni karolina,order,reservation
you should have it under carmon,order,reservation
it's under the name dena sharon,order,reservation
you'll find it listed as yovonnda esma,order,reservation
you'll see it listed under julieta sophronia,order,reservation
look for tabbie carolyn,order,reservation
for bernardina,order,reservation
lets do ofilia,order,reservation
name should be donella,order,reservation
try finding julienne,order,reservation
check for clementina corry,order,reservation
you'll find it under elvera legra,order,reservation
do it for camella camellia,order,reservation
find it under koo,order,reservation
you can find it under brenn davine,order,reservation
for thomasa corrina please,order,reservation
look for the name katerine,order,reservation
i made it under shawn,order,reservation
please check the name tova suzette,order,reservation
its listed under the name shay,order,reservation
our name is fawn,order,reservation
look up the name lyssa,order,reservation
check for ursala,order,reservation
check for the name lanae gussie,order,reservation
do it for averyl madelyn please,order,reservation
our name is ebonee gisele,order,reservation
name should be klarrisa rhea,order,reservation
put it for orella please,order,reservation
you should find othella madel,order,reservation
please look for the name stacy,order,reservation
you'll find it listed as monique kyrstin,order,reservation
try my name marlene cicely,order,reservation
check for the name jenda velvet,order,reservation
you should find adriena trudi,order,reservation
you'll see it listed under dian,order,reservation
look under cornelia cecelia,order,reservation
how about jorrie,order,reservation
you should have it under jenilee dot,order,reservation
it's listed under alyce,order,reservation
please look for the name emelita marlena,order,reservation
it's under lorilee for dinner,order,reservation
it's kerry for tonight,order,reservation
do it for carmencita glynda,order,reservation
i think it's listed under sibelle,order,reservation
we have it under hillary,order,reservation
should be under the name of julina,order,reservation
check the name alana christie,order,reservation
it will be for clarette maryl please,order,reservation
it's tracee i believe,order,reservation
we're under kristen golda,order,reservation
please look up kerrill jennette,order,reservation
look for the name maia,order,reservation
how about bobbie thomasine,order,reservation
check for the name kaja,order,reservation
check the name beitris correy,order,reservation
you should have it under muriel,order,reservation
make it mari xena,order,reservation
my name is lorine please,order,reservation
put it under oralie lexine please,order,reservation
please find it under delcina,order,reservation
it's under the name marice kalina,order,reservation
look up my name iolande debera,order,reservation
you can find it under brana,order,reservation
i believe it's under fleur,order,reservation
sure it's agata misti,order,reservation
it will be for rosana claudie,order,reservation
check for the name sheree leisha,order,reservation
the name is tracy genvieve,order,reservation
please check under marylou priscella,order,reservation
you'll see it listed under melonie jess,order,reservation
our name is isabel,order,reservation
the name to look for is bridget,order,reservation
it might be under rosabella,order,reservation
you can find it under tiffani kathrine,order,reservation
for leontine dinny,order,reservation
how about rae please,order,reservation
check for latia,order,reservation
try finding laurette,order,reservation
i'm jaquenetta adriane,order,reservation
the name should be binni gertie,order,reservation
you'll see it under cleo rosella,order,reservation
it will be for teressa,order,reservation
make it for zonda,order,reservation
make it emmalynn,order,reservation
the name is brigitta,order,reservation
you'll find it listed as hildagarde,order,reservation
check for rena anthiathia,order,reservation
the name to look for is ediva debora,order,reservation
lets do glynnis hyacinth please,order,reservation
we're listed under jillayne,order,reservation
do it for terese please,order,reservation
please check for angelia,order,reservation
i believe it's gipsy emalia,order,reservation
for devan please,order,reservation
look up the name malory,order,reservation
cordi,order,reservation
should be under wileen tabbi,order,reservation
make it for amelie janna,order,reservation
make it danella please,order,reservation
maribeth martica please,order,reservation
it will be for birgitta please,order,reservation
you should find consolata,order,reservation
meriel please,order,reservation
for alexina,order,reservation
for del kristin please,order,reservation
try looking for augustina,order,reservation
check under pearla,order,reservation
my name is pepi rafaelia please,order,reservation
put it for evanne,order,reservation