betteann allie,reservation,order
daniele,reservation,order
olly carleen,reservation,order
eve,reservation,order
lisette,reservation,order
mia janelle,reservation,order
deonne bonnie,reservation,order
johna,reservation,order
lissa,reservation,order
celene mariejeanne,reservation,order
daryl pansy,reservation,order
leonelle,reservation,order
myrta emmy,reservation,order
clarette,reservation,order
gwenora bill,reservation,order
rebecka,reservation,order
christabel,reservation,order
dallas lynde,reservation,order
odetta philly,reservation,order
jerrylee,reservation,order
kamilah faunie,reservation,order
lyndsay,reservation,order
amalita,reservation,order
nissie carita,reservation,order
caprice,reservation,order
tallia sadye,reservation,order
dorine persis,reservation,order
querida,reservation,order
martguerita,reservation,order
evangelina octavia,reservation,order
verla lenna,reservation,order
shay,reservation,order
maryellen,reservation,order
ted bobette,reservation,order
bess mirna,reservation,order
leodora,reservation,order
bird,reservation,order
salome barrie,reservation,order
suzanna,reservation,order
guenna helenka,reservation,order
olivie,reservation,order
pearla orelle,reservation,order
carmon,reservation,order
imogen gayel,reservation,order
eulalie angela,reservation,order
saundra,reservation,order
dolley eleonore,reservation,order
teddy,reservation,order
shelby fulvia,reservation,order
bel,reservation,order
brietta kelci,reservation,order
marne,reservation,order
jacynth noelle,reservation,order
loraine,reservation,order
faye,reservation,order
faydra vinny,reservation,order
emelina kyla,reservation,order
konstance,reservation,order
justinn jean,reservation,order
chantalle,reservation,order
rorie,reservation,order
kacy christean,reservation,order
lenore,reservation,order
elke fanechka,reservation,order
jillana charmane,reservation,order
philis,reservation,order
maud catie,reservation,order
lucie,reservation,order
miran callida,reservation,order
truda,reservation,order
lenette phelia,reservation,order
micky,reservation,order
beverlie meghann,reservation,order
wendy,reservation,order
elianora nadine,reservation,order
marjie,reservation,order
kassey kaylil,reservation,order
zena,reservation,order
raynell,reservation,order
jacinda deloria,reservation,order
merissa,reservation,order
donica amelie,reservation,order
britta carline,reservation,order
eadith,reservation,order
lyndsey,reservation,order
elsey joy,reservation,order
dona,reservation,order
teirtza sabra,reservation,order
karyl,reservation,order
harlie zorah,reservation,order
margarette casandra,reservation,order
marla,reservation,order
siouxie pam,reservation,order
zorina,reservation,order
jessalin,reservation,order
eleni orelia,reservation,order
josie esmeralda,reservation,order
virgina,reservation,order
wallis ninnette,reservation,order
germana,reservation,order
jeanne,reservation,order
erin jamie,reservation,order
rhona,reservation,order
ceciley valentia,reservation,order
ardelis micaela,reservation,order
bellanca,reservation,order
anet,reservation,order
happy arlie,reservation,order
waneta,reservation,order
kari clementia,reservation,order
shanda bernadene,reservation,order
hedy,reservation,order
valeda,reservation,order
annelise madelyn,reservation,order
lizette loralyn,reservation,order
audie,reservation,order
jilly,reservation,order
francene dalia,reservation,order
phil kara,reservation,order
anissa,reservation,order
ivy,reservation,order
christiana aindrea,reservation,order
evangelia genovera,reservation,order
mercy,reservation,order
flora kris,reservation,order
joanna,reservation,order
fania,reservation,order
elberta josselyn,reservation,order
karylin estrella,reservation,order
carmita,reservation,order
kevina ursulina,reservation,order
maxie,reservation,order
blithe,reservation,order
roxane callie,reservation,order
elladine,reservation,order
marcy delila,reservation,order
natasha robinia,reservation,order
silvia,reservation,order
ede,reservation,order
elfrida agata,reservation,order
timmi,reservation,order
phebe malia,reservation,order
manda jessika,reservation,order
charleen,reservation,order
lisetta petunia,reservation,order
florri,reservation,order
olia,reservation,order
celesta hayley,reservation,order
vivia maybelle,reservation,order
kippy,reservation,order
davine jessalyn,reservation,order
carlene,reservation,order
henriette carin,reservation,order
aime,reservation,order
kaitlin,reservation,order
elly alvera,reservation,order
jolene,reservation,order
arlina lizzie,reservation,order
tera kathy,reservation,order
karlie,reservation,order
linnie kristien,reservation,order
halie,reservation,order
rodina,reservation,order
gabriela glad,reservation,order
lela,reservation,order
cyndi ethelin,reservation,order
darla quintina,reservation,order
brandie,reservation,order
anica,reservation,order
etty kristine,reservation,order
nan roselia,reservation,order
amii,reservation,order
nadean maisie,reservation,order
kip,reservation,order
ronni onida,reservation,order
mildred,reservation,order
debby evelyn,reservation,order
ranee,reservation,order
elie paola,reservation,order
andrei,reservation,order
ulrica lynea,reservation,order
kiersten,reservation,order
olympe madelle,reservation,order
beatriz,reservation,order
prissie merry,reservation,order
ashley,reservation,order
felecia,reservation,order
natalya dniren,reservation,order
esta,reservation,order
saloma sonia,reservation,order
joya,reservation,order
jeri zaria,reservation,order
tallou,reservation,order
stephani margette,reservation,order
cordelia gayle,reservation,order
jany,reservation,order
kaela rozele,reservation,order
gabriell,reservation,order
chrysler sella,reservation,order
melisandra,reservation,order
sheree,reservation,order
paule kelsey,reservation,order
rene,reservation,order
jobi heidi,reservation,order
annie ann,reservation,order
harley,reservation,order
lisa henrietta,reservation,order
patrizia,reservation,order
charlene adela,reservation,order
roz,reservation,order
tanitansy,reservation,order
verina florinda,reservation,order
ashli lilia,reservation,order
farah,reservation,order
helene,reservation,order
leilah ynes,reservation,order
tallie sib,reservation,order
moreen,reservation,order
lucille charita,reservation,order
lorena,reservation,order
abigael jorey,reservation,order
jo ann,reservation,order
christi candida,reservation,order
sandy,reservation,order
frankie dasie,reservation,order
jennifer,reservation,order
alena willi,reservation,order
lotti,reservation,order
dido claudie,reservation,order
nicki,reservation,order
karola lexie,reservation,order
demetra,reservation,order
ermengarde denise,reservation,order
gwyneth,reservation,order
bria,reservation,order
anthe rozelle,reservation,order
willa,reservation,order
minta freddy,reservation,order
clareta,reservation,order
nikolia katrinka,reservation,order
lillis,reservation,order
oralee garnette,reservation,order
fianna lillian,reservation,order
wandis,reservation,order
charlena,reservation,order
corie nessa,reservation,order
buffy,reservation,order
ebba gillian,reservation,order
roseline,reservation,order
eadie leslie,reservation,order
suzanne,reservation,order
prisca retha,reservation,order
cherin,reservation,order
vivyan christalle,reservation,order
layney,reservation,order
gloriana merna,reservation,order
dulsea,reservation,order
erma olympia,reservation,order
una,reservation,order
mirelle wrennie,reservation,order
kitti,reservation,order
kyle sena,reservation,order
ella,reservation,order
lauri carla,reservation,order
shana jocelyn,reservation,order
kalina,reservation,order
dolores,reservation,order
imojean charmaine,reservation,order
kirby,reservation,order
serene babbie,reservation,order
candis,reservation,order
dulciana garnet,reservation,order
tessa violante,reservation,order
rosalind,reservation,order
genevieve erinna,reservation,order
teressa,reservation,order
joan bendite,reservation,order
mariquilla,reservation,order
johnna,reservation,order
bernardine marisa,reservation,order
sile,reservation,order
annamarie bettina,reservation,order
noni candice,reservation,order
catlaina,reservation,order
flo,reservation,order
samantha dorette,reservation,order
elinore evaleen,reservation,order
pearle,reservation,order
olwen birgit,reservation,order
sue,reservation,order
yetta orel,reservation,order
matti,reservation,order
euphemia,reservation,order
kathi ethelind,reservation,order
katha,reservation,order
joelle jammie,reservation,order
bibbie,reservation,order
malina andreana,reservation,order
vilma,reservation,order
emily carole,reservation,order
charin,reservation,order
mable pammi,reservation,order
goldy ethelyn,reservation,order
tandi,reservation,order
jobina,reservation,order
opal olva,reservation,order
anjela,reservation,order
cate ina,reservation,order
marena dedie,reservation,order
vonnie,reservation,order
augusta,reservation,order
mellicent lorry,reservation,order
larina,reservation,order
lorri tabbitha,reservation,order
althea,reservation,order
dorice idaline,reservation,order
rosita,reservation,order
laureen grace,reservation,order
sharyl tonya,reservation,order
kyrstin,reservation,order
astrid,reservation,order
eartha isobel,reservation,order
maible,reservation,order
chloris angeline,reservation,order
tessie,reservation,order
adrienne viviene,reservation,order
gloriane jodi,reservation,order
maryrose,reservation,order
corenda danella,reservation,order
laurie,reservation,order
kelila viv,reservation,order
drucill,reservation,order
belva,reservation,order
malvina carolynn,reservation,order
joyce tildi,reservation,order
pammie,reservation,order
adriena,reservation,order
lanni dalila,reservation,order
alicea,reservation,order
karin lusa,reservation,order
lilias esme,reservation,order
raeann,reservation,order
codi,reservation,order
joellen corrie,reservation,order
dotti hedwig,reservation,order
caressa,reservation,order
sheila,reservation,order
sybyl florette,reservation,order
daphne,reservation,order
rita celinka,reservation,order
annice,reservation,order
delia rozanna,reservation,order
hatty,reservation,order
cindie riki,reservation,order
milzie judi,reservation,order
ardis,reservation,order
andy,reservation,order
tracee margery,reservation,order
karena madella,reservation,order
teresa,reservation,order
sascha,reservation,order
charlotta glenna,reservation,order
marley farra,reservation,order
melisa,reservation,order
amberly alana,reservation,order
gusti,reservation,order
almeta pennie,reservation,order
mahalia,reservation,order
laney,reservation,order
silvie corina,reservation,order
josy,reservation,order
gizela sapphire,reservation,order
cleo helga,reservation,order
rhoda,reservation,order
phillie,reservation,order
kaia jacklin,reservation,order
tana,reservation,order
kendra effie,reservation,order
claribel,reservation,order
scarlet frayda,reservation,order
willette,reservation,order
florence caroline,reservation,order
jeniffer tamra,reservation,order
melli,reservation,order
aura janella,reservation,order
barby,reservation,order
aarika,reservation,order
roxanna yolande,reservation,order
shirleen janice,reservation,order
rasla,reservation,order
hildagard,reservation,order
adel licha,reservation,order
kimberly maribelle,reservation,order
marylee,reservation,order
oneida aleta,reservation,order
barbee,reservation,order
sean sharron,reservation,order
maurizia,reservation,order
taffy marjory,reservation,order
evelina,reservation,order
cinderella doralynn,reservation,order
guinevere,reservation,order
teri,reservation,order
lacee marcile,reservation,order
samara,reservation,order
livvie drusie,reservation,order
sherri,reservation,order
stephi shannen,reservation,order
anthiathia cecilla,reservation,order
rea,reservation,order
devina jillayne,reservation,order
dulcine,reservation,order
othelia,reservation,order
ophelia sibel,reservation,order
ailey lucienne,reservation,order
jodee,reservation,order
ashla,reservation,order
jessica claresta,reservation,order
mitzi,reservation,order
minny mead,reservation,order
valera,reservation,order
hedda natalina,reservation,order
aurore,reservation,order
salomi gail,reservation,order
gaye beckie,reservation,order
layla,reservation,order
ainslie brandy,reservation,order
tybi,reservation,order
fayth,reservation,order
elenore nertie,reservation,order
marianne,reservation,order
cally hortense,reservation,order
zora,reservation,order
margit alexa,reservation,order
janith betsey,reservation,order
ulrika,reservation,order
mickie,reservation,order
latia gerrilee,reservation,order
shanon,reservation,order
dixie cthrine,reservation,order
blinni,reservation,order
batsheva amye,reservation,order
elnore,reservation,order
cosetta candy,reservation,order
jena,reservation,order
hilary dodi,reservation,order
katharina,reservation,order
pavla anstice,reservation,order
helaina deva,reservation,order
katya,reservation,order
cara,reservation,order
jenni aurie,reservation,order
luz tedi,reservation,order
angelita,reservation,order
netty,reservation,order
annabal jemima,reservation,order
kristy bryn,reservation,order
frederique,reservation,order
cindy barbara-anne,reservation,order
francesca,reservation,order
daveen marcille,reservation,order
dianna,reservation,order
marylynne,reservation,order
arlette krista,reservation,order
millisent,reservation,order
cahra wilone,reservation,order
marylinda rachele,reservation,order
averil,reservation,order
roberta,reservation,order
farrand max,reservation,order
nonna nelli,reservation,order
feodora,reservation,order
avivah,reservation,order
wenonah livvy,reservation,order
cory,reservation,order
barbi tersina,reservation,order
nolie francisca,reservation,order
berget,reservation,order
cordi corly,reservation,order
emalee,reservation,order
marguerite lanae,reservation,order
dayle,reservation,order
tish velvet,reservation,order
alta,reservation,order
elbertina carlina,reservation,order
malva,reservation,order
lola cristi,reservation,order
lyndell,reservation,order
cari rosaline,reservation,order
helaine,reservation,order
doria,reservation,order
drusilla priscella,reservation,order
veda jobie,reservation,order
anastasie,reservation,order
lissi,reservation,order
tommie camilla,reservation,order
justina,reservation,order
julie lynnelle,reservation,order
cammy,reservation,order
stafani petronilla,reservation,order
stevana wallie,reservation,order
maggee,reservation,order
jemmie,reservation,order
megan alikee,reservation,order
tandy theressa,reservation,order
saree,reservation,order
brande ronny,reservation,order
trista,reservation,order
jerry cornie,reservation,order
reba,reservation,order
farica,reservation,order
cordelie kristel,reservation,order
cammi mirilla,reservation,order
gretchen,reservation,order
basia amalie,reservation,order
janna,reservation,order
lindie clarine,reservation,order
dee,reservation,order
mommy moyna,reservation,order
courtney,reservation,order
trescha,reservation,order
shawn gusty,reservation,order
ninnetta esma,reservation,order
mellisa,reservation,order
betteanne tilly,reservation,order
desirae,reservation,order
loria,reservation,order
audrye tawsha,reservation,order
shaylyn rosanna,reservation,order
jaquenette,reservation,order
trudey,reservation,order
corilla carlie,reservation,order
arabel,reservation,order
raphaela kelsy,reservation,order
annecorinne klarrisa,reservation,order
rosina,reservation,order
jasmine lorilyn,reservation,order
frieda,reservation,order
netti darell,reservation,order
darleen,reservation,order
karoly,reservation,order
riva phoebe,reservation,order
lilyan,reservation,order
eba shanna,reservation,order
cathlene diane,reservation,order
breena,reservation,order
leia brenna,reservation,order
dasha,reservation,order
netta vida,reservation,order
laurel,reservation,order
bibbye tiff,reservation,order
leann,reservation,order
phyllida ludovika,reservation,order
doralyn,reservation,order
cortney biddy,reservation,order
lorette,reservation,order
milicent amata,reservation,order
ottilie,reservation,order
denice orelee,reservation,order
tanya,reservation,order
lynnell bee,reservation,order
michelina,reservation,order
starla diena,reservation,order
belia,reservation,order
karalee,reservation,order
lonnie zea,reservation,order
danika,reservation,order
isis jenifer,reservation,order
bennie mada,reservation,order
genia,reservation,order
morna,reservation,order
zandra sofie,reservation,order
allissa,reservation,order
willow rebeca,reservation,order
corabelle valaree,reservation,order
daffi,reservation,order
janeva muffin,reservation,order
dahlia,reservation,order
lynne,reservation,order
tamera dominica,reservation,order
blair rozalie,reservation,order
malinde,reservation,order
hermione carrie,reservation,order
filide,reservation,order
abagail,reservation,order
doralin deni,reservation,order
evanne,reservation,order
viola addi,reservation,order
leah valencia,reservation,order
pierette,reservation,order
shaun halette,reservation,order
lind,reservation,order
kirsten goldia,reservation,order
cody,reservation,order
eugine,reservation,order
di trixi,reservation,order
letty,reservation,order
miof mela peg,reservation,order
helen tabbie,reservation,order
darelle,reservation,order
felicdad phyllys,reservation,order
lindsey,reservation,order
harriott harriet,reservation,order
beryle,reservation,order
esmaria gabrila,reservation,order
juliet,reservation,order
robbi myrah,reservation,order
michele,reservation,order
annadiana vivienne,reservation,order
christie,reservation,order
deeanne,reservation,order
heida amandie,reservation,order
grata carey,reservation,order
almeda,reservation,order
myrna joly,reservation,order
corrinne,reservation,order
clarita,reservation,order
kaitlyn judye,reservation,order
vania carolin,reservation,order
danette,reservation,order
lucina,reservation,order
lynda emera,reservation,order
gilly,reservation,order
kelcey darrelle,reservation,order
clementina,reservation,order
judie babb,reservation,order
valenka,reservation,order
crysta carrissa,reservation,order
cybill ailis,reservation,order
issi,reservation,order
catherin cacilia,reservation,order
gypsy,reservation,order
cynde,reservation,order
janel liza,reservation,order
emelyne,reservation,order
elspeth keslie,reservation,order
arda maritsa,reservation,order
norri,reservation,order
brynna karie,reservation,order
cynthy,reservation,order
candra,reservation,order
ethel eleonora,reservation,order
agnesse jordain,reservation,order
marsha,reservation,order
glynnis,reservation,order
rebekah abagael,reservation,order
mira brinn,reservation,order
nicoli,reservation,order
ania vin,reservation,order
janean,reservation,order
suzann alica,reservation,order
vicky,reservation,order
nomi,reservation,order
gwenni ansley,reservation,order
carmelle tori,reservation,order
delinda,reservation,order
anallese,reservation,order
hyacinthe norine,reservation,order
adorne lucinda,reservation,order
lurlene,reservation,order
ericka,reservation,order
chiarra bette,reservation,order
jobey coralie,reservation,order
darya,reservation,order
shirley theodora,reservation,order
aline,reservation,order
flori cathee,reservation,order
meridith,reservation,order
bertha claire,reservation,order
bernadina,reservation,order
madonna,reservation,order
cele ebony,reservation,order
vickie,reservation,order
magdalene hermina,reservation,order
nydia,reservation,order
sileas carley,reservation,order
gracia eva,reservation,order
auguste,reservation,order
risa fiorenze,reservation,order
wanda,reservation,order
letitia,reservation,order
bernelle debera,reservation,order
martynne,reservation,order
kittie zahara,reservation,order
bari tabbi,reservation,order
rhianna,reservation,order
dulcia chris,reservation,order
avrit,reservation,order
joye liana,reservation,order
lory,reservation,order
rici faustina,reservation,order
alie,reservation,order
isabella larisa,reservation,order
lacy,reservation,order
vilhelmina,reservation,order
moira shanie,reservation,order
gabrielle andee,reservation,order
annnora,reservation,order
jacquie,reservation,order
ainslee katina,reservation,order
alfie herminia,reservation,order
justine,reservation,order
bernie kate,reservation,order
atalanta,reservation,order
brear,reservation,order
marga perl,reservation,order
clio,reservation,order
ashlan coletta,reservation,order
shayne,reservation,order
courtenay masha,reservation,order
adore aurea,reservation,order
emelda,reservation,order
henka,reservation,order
alexis gilberta,reservation,order
joyann joletta,reservation,order
druci,reservation,order
ronnie bliss,reservation,order
josephina,reservation,order
teddie,reservation,order
adele bambie,reservation,order
rosella,reservation,order
stacia engracia,reservation,order
roseanna donna,reservation,order
bernetta,reservation,order
philippine,reservation,order
etta peri,reservation,order
clea,reservation,order
winna yoko,reservation,order
linn,reservation,order
maudie hesther,reservation,order
vinnie,reservation,order
angelica glyn,reservation,order
celestyn,reservation,order
carmella maddie,reservation,order
joannes,reservation,order
trudy christiane,reservation,order
denys,reservation,order
ethyl sacha,reservation,order
noreen aeriel,reservation,order
adriaens,reservation,order
alix collette,reservation,order
carree,reservation,order
mandi,reservation,order
carlynne linda,reservation,order
marielle chelsey,reservation,order
moll,reservation,order
selie gweneth,reservation,order
valina,reservation,order
maggi nancee,reservation,order
cybil,reservation,order
jeannie,reservation,order
barb donnamarie,reservation,order
flossi eddi,reservation,order
kalindi,reservation,order
marinna hallie,reservation,order
germain,reservation,order
neille,reservation,order
hestia eda,reservation,order
daphna,reservation,order
leland fancie,reservation,order
billy bettye,reservation,order
marin,reservation,order
therese deina,reservation,order
renelle,reservation,order
livia jen,reservation,order
dulcy,reservation,order
kalila,reservation,order
jordanna georgianne,reservation,order
robinett lurleen,reservation,order
colly,reservation,order
rochelle,reservation,order
valentina cindra,reservation,order
aaren jocelyne,reservation,order
dorrie,reservation,order
malissia kerianne,reservation,order
sherline,reservation,order
garland,reservation,order
ara nelia,reservation,order
shauna morgen,reservation,order
meris,reservation,order
allsun,reservation,order
verine adrianna,reservation,order
eustacia mathilda,reservation,order
delphine,reservation,order
mandie bessy,reservation,order
shirl,reservation,order
imelda,reservation,order
tedda rosalyn,reservation,order
marilee coleen,reservation,order
lauren,reservation,order
randene,reservation,order
lilly aleece,reservation,order
joey,reservation,order
ramonda josey,reservation,order
sheri,reservation,order
cymbre leonanie,reservation,order
clari,reservation,order
leticia cherye,reservation,order
darb,reservation,order
shelly davina,reservation,order
jodie,reservation,order
donielle tamqrah,reservation,order
gusta,reservation,order
mathilde roanna,reservation,order
coreen,reservation,order
lorne koralle,reservation,order
catharine christian,reservation,order
leoline,reservation,order
zarla tisha,reservation,order
xylia,reservation,order
zorine tracy,reservation,order
kally,reservation,order
nerte mary,reservation,order
sherilyn,reservation,order
roze shelagh,reservation,order
rica,reservation,order
morgana pansie,reservation,order
pepi,reservation,order
flory merrilee,reservation,order
timmy,reservation,order
kimmie maurita,reservation,order
koren,reservation,order
lilli,reservation,order
clemmy gabriellia,reservation,order
lonee hynda,reservation,order
dode,reservation,order
oralla,reservation,order
cecilia shandee,reservation,order
leandra,reservation,order
delcina missy,reservation,order
lorilee hedvig,reservation,order
nata,reservation,order
binny,reservation,order
alisa anabal,reservation,order
laurene,reservation,order
krystal jasmina,reservation,order
lacey alida,reservation,order
samaria,reservation,order
charmion kalie,reservation,order
bunnie,reservation,order
grethel,reservation,order
meridel leanor,reservation,order
jo-anne,reservation,order
merola carena,reservation,order
mirabella,reservation,order
nona selinda,reservation,order
marya,reservation,order
darbie jacqueline,reservation,order
malory jami,reservation,order
sybil,reservation,order
dolorita,reservation,order
giovanna trudie,reservation,order
lebbie gennie,reservation,order
kit,reservation,order
danya kimbra,reservation,order
brigit,reservation,order
collie gerrie,reservation,order
gale,reservation,order
rani leontyne,reservation,order
augustina,reservation,order
lynett selene,reservation,order
marna,reservation,order
valerie tara,reservation,order
nisse,reservation,order
gretel,reservation,order
bekki lorrin,reservation,order
cherianne,reservation,order
sophie aurilia,reservation,order
cissiee,reservation,order
lesley lainey,reservation,order
yolanthe keelia,reservation,order
zonnya,reservation,order
janka consolata,reservation,order
rhea,reservation,order
gabbey,reservation,order
elisabeth alethea,reservation,order
belle zsa zsa,reservation,order
alanna,reservation,order
kaye farand,reservation,order
tobi,reservation,order
danna,reservation,order
maryjo madalena,reservation,order
erminia janetta,reservation,order
giulia,reservation,order
sayre ivie,reservation,order
robin,reservation,order
mandy jenna,reservation,order
sibylla,reservation,order
sally conchita,reservation,order
tallulah,reservation,order
constanta bonnibelle,reservation,order
jolyn,reservation,order
sydelle,reservation,order
ana zsazsa,reservation,order
ernestine,reservation,order
glennis oona,reservation,order
aviva,reservation,order
silva nicolea,reservation,order
marianna agretha,reservation,order
bibi,reservation,order
beatrice margalo,reservation,order
jacquette,reservation,order
cristina darda,reservation,order
tomasine,reservation,order
linnell camala,reservation,order
julianna,reservation,order
berenice,reservation,order
kenna vonny,reservation,order
betsy,reservation,order
alvinia edna,reservation,order
dorelle,reservation,order
kassie cherrita,reservation,order
liva,reservation,order
irita filia,reservation,order
othella,reservation,order
grete chrissie,reservation,order
raina yvonne,reservation,order
melesa,reservation,order
grazia liane,reservation,order
sharity,reservation,order
ola,reservation,order
ray lorraine,reservation,order
cathryn,reservation,order
marleen dotty,reservation,order
jenn,reservation,order
row wynnie,reservation,order
cassy,reservation,order
lee marcela,reservation,order
talya,reservation,order
deloris thelma,reservation,order
lise,reservation,order
chloe phillis,reservation,order
emlyn,reservation,order
rosanne merrill,reservation,order
janette angy,reservation,order
quintana,reservation,order
farrah,reservation,order
amitie linea,reservation,order
haleigh,reservation,order
holly kellsie,reservation,order
kristen carie,reservation,order
gisela,reservation,order
becky,reservation,order
ortensia idalia,reservation,order
loni etheline,reservation,order
bert,reservation,order
kipp,reservation,order
angelina sheena,reservation,order
verna cordula,reservation,order
flossy,reservation,order
alexia,reservation,order
jackelyn darlene,reservation,order
sissy,reservation,order
paulita anny,reservation,order
yalonda,reservation,order
eolanda maitilde,reservation,order
tildy letizia,reservation,order
nikkie,reservation,order
ainsley dael,reservation,order
fredelia,reservation,order
roselle,reservation,order
brittne freddi,reservation,order
marje thekla,reservation,order
aeriell,reservation,order
tatiana kristi,reservation,order
mariska,reservation,order
cassie alison,reservation,order
gilli,reservation,order
jaine,reservation,order
livvyy lynnet,reservation,order
edith laryssa,reservation,order
morissa,reservation,order
ceil izabel,reservation,order
cariotta,reservation,order
meghan,reservation,order
romona nichole,reservation,order
elsinore toby,reservation,order
constantia,reservation,order
maryjane,reservation,order
paloma cindee,reservation,order
carry,reservation,order
sherill torrie,reservation,order
anya,reservation,order
tarah goldi,reservation,order
shelbi nanice,reservation,order
tiphani,reservation,order
kristyn,reservation,order
tawnya reeta,reservation,order
kellina,reservation,order
pat jaquelin,reservation,order
quinta gaby,reservation,order
brittan,reservation,order
mirella siusan,reservation,order
morganne,reservation,order
janeen,reservation,order
vivianna agnes,reservation,order
yvette,reservation,order
fina debora,reservation,order
ashlen,reservation,order
eryn laural,reservation,order
dasi,reservation,order
patsy felicity,reservation,order
prue clarinda,reservation,order
aggie,reservation,order
ursa,reservation,order
jocelin shannon,reservation,order
danell,reservation,order
corry lorianne,reservation,order
dyna,reservation,order
murielle eada,reservation,order
olympie fern,reservation,order
kiri,reservation,order
barbette,reservation,order
dierdre kordula,reservation,order
sophey mil,reservation,order
gustie,reservation,order
darcy,reservation,order
odele lynnette,reservation,order
marj,reservation,order
madlin dre,reservation,order
chantal brandais,reservation,order
isabelita,reservation,order
arlee lonni,reservation,order
amalia,reservation,order
gilligan rafaelita,reservation,order
gwendolin,reservation,order
edythe cristen,reservation,order
christy,reservation,order
suki,reservation,order
dena stesha,reservation,order
sabine,reservation,order
jsandye rania,reservation,order
reggie,reservation,order
desiri fanny,reservation,order
edee kandy,reservation,order
audre,reservation,order
krissie,reservation,order
dee dee shara,reservation,order
bonnee,reservation,order
krystalle gerladina,reservation,order
oralle,reservation,order
valry georgia,reservation,order
deborah,reservation,order
kacie melinda,reservation,order
gloria,reservation,order
karry mignonne,reservation,order
karissa arleen,reservation,order
elnora,reservation,order
cam rachel,reservation,order
shaina,reservation,order
albina,reservation,order
sibyl ula,reservation,order
melany,reservation,order
kimberlee bertie,reservation,order
vina,reservation,order
bridgette deb,reservation,order
kaycee,reservation,order
trixy cairistiona,reservation,order
kay,reservation,order
beatrisa sandie,reservation,order
bessie annmaria,reservation,order
jessamine,reservation,order
stacie jorry,reservation,order
wilma,reservation,order
susana maria,reservation,order
ysabel,reservation,order
reena sashenka,reservation,order
grier,reservation,order
audry brandi,reservation,order
leonore,reservation,order
sidoney gladi,reservation,order
lorelei,reservation,order
desiree,reservation,order
rickie venus,reservation,order
allyn,reservation,order
nerita anne-marie,reservation,order
evangeline,reservation,order
ema annabelle,reservation,order
fidela,reservation,order
karleen devinne,reservation,order
bobbye,reservation,order
letta marigold,reservation,order
loren adaline,reservation,order
rozanne,reservation,order
tamar papagena,reservation,order
consuela,reservation,order
michaelina,reservation,order
anabella dionne,reservation,order
nataline edithe,reservation,order
fionnula,reservation,order
bobine,reservation,order
eleanore iormina,reservation,order
shirlee marsiella,reservation,order
corabella,reservation,order
darlleen,reservation,order
catherine jacquelyn,reservation,order
stormie,reservation,order
genni ianthe,reservation,order
marys tilda,reservation,order
dinny,reservation,order
fara henryetta,reservation,order
clair,reservation,order
erena,reservation,order
sharon halli,reservation,order
amargo,reservation,order
ilysa dale,reservation,order
leese,reservation,order
winonah inez,reservation,order
agathe,reservation,order
vivie meredith,reservation,order
francyne,reservation,order
pavia karrie,reservation,order
gretal,reservation,order
ofelia kat,reservation,order
jeanie,reservation,order
raychel rahal,reservation,order
lara marietta,reservation,order
tarra,reservation,order
lida grayce,reservation,order
cathe,reservation,order
evy halimeda,reservation,order
allene,reservation,order
laurena,reservation,order
ddene roch,reservation,order
claudia kakalina,reservation,order
olimpia,reservation,order
rubia,reservation,order
rachelle milissent,reservation,order
colline jana,reservation,order
bernardina,reservation,order
bettine,reservation,order
shanta sherie,reservation,order
joelly verene,reservation,order
elise,reservation,order
rosemonde nelie,reservation,order
kandace,reservation,order
ann-marie stormy,reservation,order
moselle,reservation,order
raf,reservation,order
marcella lizbeth,reservation,order
mela,reservation,order
marthena nalani,reservation,order
chelsy,reservation,order
barbey kriste,reservation,order
rianon,reservation,order
berty clovis,reservation,order
george dannie,reservation,order
siobhan,reservation,order
datha,reservation,order
kira hollie,reservation,order
lea,reservation,order
cori dorolice,reservation,order
ilise holli,reservation,order
ariana,reservation,order
lib jennine,reservation,order
loralie,reservation,order
pamelina arly,reservation,order
thea,reservation,order
adina heddie,reservation,order
britney,reservation,order
terese,reservation,order
nola birgitta,reservation,order
sadella,reservation,order
lydia hillary,reservation,order
auroora,reservation,order
stella adrea,reservation,order
nat,reservation,order
monah tobye,reservation,order
aleda,reservation,order
claude hana,reservation,order
susanne nara,reservation,order
carolee,reservation,order
adora petronella,reservation,order
nicolle,reservation,order
rhianon matt,reservation,order
connie,reservation,order
sada,reservation,order
coral tabatha,reservation,order
lelia collete,reservation,order
evvie,reservation,order
federica,reservation,order
tate georgianna,reservation,order
nerissa,reservation,order
gus meg,reservation,order
tamara jewel,reservation,order
delphinia,reservation,order
marji mallorie,reservation,order
remy,reservation,order
binni petronia,reservation,order
karla,reservation,order
dita josefina,reservation,order
abigale,reservation,order
viviyan,reservation,order
inna abbye,reservation,order
floria priscilla,reservation,order
talia,reservation,order
leola,reservation,order
orella bibby,reservation,order
charo zorana,reservation,order
jandy,reservation,order
